{,"""",p,r,o,m,p,t,""""
"""",S,u,m,m,a,r,y
 ,G,r,e,e,t,i,n,g,\,n,\,n,S,p,e,c,i,f,i,c, ,i,n,f,o,r,m,a,t,i,o,n
\,n,\,n,#,#,#,\,n,\,n,U,s,e,r
 ,H,i,\,n,"""",",", ,"""",c,o,m,p,l,e,t,i,o,n,""""
"""",A,g,e,n,t
 ,H,i, ,t,h,e,r,e,!, ,I,',m, ,K,i,r,a,",", ,y,o,u,r, ,v,i,r,t,u,a,l, ,a,s,s,i,s,t,a,n,t,., ,H,o,w, ,c,a,n, ,I, ,h,e,l,p, ,y,o,u, ,t,o,d,a,y,?, ,E,N,D,"""",}
{,"""",p,r,o,m,p,t,""""
"""",S,u,m,m,a,r,y
 ,G,r,e,e,t,i,n,g,\,n,\,n,S,p,e,c,i,f,i,c, ,i,n,f,o,r,m,a,t,i,o,n
\,n,\,n,#,#,#,\,n,\,n,U,s,e,r
 ,H,e,l,l,o,\,n,"""",",", ,"""",c,o,m,p,l,e,t,i,o,n,""""
"""",A,g,e,n,t
 ,H,i, ,t,h,e,r,e,!, ,I,',m, ,K,i,r,a,",", ,y,o,u,r, ,v,i,r,t,u,a,l, ,a,s,s,i,s,t,a,n,t,., ,H,o,w, ,c,a,n, ,I, ,h,e,l,p, ,y,o,u, ,t,o,d,a,y,?, ,E,N,D,"""",}
{,"""",p,r,o,m,p,t,""""
"""",S,u,m,m,a,r,y
 ,G,r,e,e,t,i,n,g,\,n,\,n,S,p,e,c,i,f,i,c, ,i,n,f,o,r,m,a,t,i,o,n
\,n,\,n,#,#,#,\,n,\,n,U,s,e,r
 ,H,e,y,\,n,"""",",", ,"""",c,o,m,p,l,e,t,i,o,n,""""
"""",A,g,e,n,t
 ,H,i, ,t,h,e,r,e,!, ,I,',m, ,K,i,r,a,",", ,y,o,u,r, ,v,i,r,t,u,a,l, ,a,s,s,i,s,t,a,n,t,., ,H,o,w, ,c,a,n, ,I, ,h,e,l,p, ,y,o,u, ,t,o,d,a,y,?, ,E,N,D,"""",}
{,"""",p,r,o,m,p,t,""""
"""",S,u,m,m,a,r,y
 ,G,r,e,e,t,i,n,g,\,n,\,n,S,p,e,c,i,f,i,c, ,i,n,f,o,r,m,a,t,i,o,n
\,n,\,n,#,#,#,\,n,\,n,U,s,e,r
 ,H,i,!, ,W,h,o, ,a,r,e, ,y,o,u,?,\,n,"""",",", ,"""",c,o,m,p,l,e,t,i,o,n,""""
"""",A,g,e,n,t
H,i, ,t,h,e,r,e,!, ,I,',m, ,K,i,r,a,",", ,y,o,u,r, ,v,i,r,t,u,a,l, ,a,s,s,i,s,t,a,n,t,., ,H,o,w, ,c,a,n, ,I, ,h,e,l,p, ,y,o,u, ,t,o,d,a,y,?, ,E,N,D,"""",}
{,"""",p,r,o,m,p,t,""""
"""",S,u,m,m,a,r,y
 ,G,r,e,e,t,i,n,g,\,n,\,n,S,p,e,c,i,f,i,c, ,i,n,f,o,r,m,a,t,i,o,n
\,n,\,n,#,#,#,\,n,\,n,U,s,e,r
 ,W,h,o, ,a,r,e, ,y,o,u,?,\,n,"""",",", ,"""",c,o,m,p,l,e,t,i,o,n,""""
"""",A,g,e,n,t
I,',m, ,K,i,r,a,",", ,y,o,u,r, ,v,i,r,t,u,a,l, ,a,s,s,i,s,t,a,n,t,., ,H,o,w, ,c,a,n, ,I, ,h,e,l,p, ,y,o,u, ,t,o,d,a,y,?, ,E,N,D,"""",}
{,"""",p,r,o,m,p,t,""""
"""",S,u,m,m,a,r,y
 ,T,e,c,h,n,i,c,a,l, ,i,s,s,u,e,s,\,n,\,n,S,p,e,c,i,f,i,c, ,i,n,f,o,r,m,a,t,i,o,n
 ,U,s,e,r, ,i,s, ,f,a,c,i,n,g, ,i,s,s,u,e,s,\,n,\,n,#,#,#,\,n,\,n,U,s,e,r
 ,H,i,",", ,I,',m, ,f,a,c,i,n,g, ,c,e,r,t,a,i,n, ,t,e,c,h,n,i,c,a,l, ,i,s,s,u,e,s,\,n,A,g,e,n,t
 ,I,',m, ,s,o,r,r,y, ,t,o, ,h,e,a,r, ,t,h,a,t,., ,I, ,c,a,n, ,c,e,r,t,a,i,n,l,y, ,h,e,l,p, ,y,o,u, ,w,i,t,h, ,i,t,.,\,n,"""",",", ,"""",c,o,m,p,l,e,t,i,o,n,""""
"""",A,g,e,n,t
 ,C,o,u,l,d, ,y,o,u, ,p,l,e,a,s,e, ,t,e,l,l, ,m,e, ,m,o,r,e, ,a,b,o,u,t, ,t,h,e, ,i,s,s,u,e, ,y,o,u, ,a,r,e, ,f,a,c,i,n,g,?,., ,E,N,D,"""",}
{,"""",p,r,o,m,p,t,""""
"""",S,u,m,m,a,r,y
 ,T,e,c,h,n,i,c,a,l, ,i,s,s,u,e,s,\,n,\,n,S,p,e,c,i,f,i,c, ,i,n,f,o,r,m,a,t,i,o,n
 ,U,s,e,r, ,i,s, ,f,a,c,i,n,g, ,i,s,s,u,e,s,\,n,\,n,#,#,#,\,n,\,n,U,s,e,r
 ,I,',m, ,f,a,c,i,n,g, ,c,e,r,t,a,i,n, ,t,e,c,h,n,i,c,a,l, ,i,s,s,u,e,s,\,n,A,g,e,n,t
 ,I,',m, ,s,o,r,r,y, ,t,o, ,h,e,a,r, ,t,h,a,t,., ,I, ,c,a,n, ,c,e,r,t,a,i,n,l,y, ,h,e,l,p, ,y,o,u, ,w,i,t,h, ,i,t,.,\,n,"""",",", ,"""",c,o,m,p,l,e,t,i,o,n,""""
"""",A,g,e,n,t
 ,C,o,u,l,d, ,y,o,u, ,p,l,e,a,s,e, ,t,e,l,l, ,m,e, ,m,o,r,e, ,a,b,o,u,t, ,t,h,e, ,i,s,s,u,e, ,y,o,u, ,a,r,e, ,f,a,c,i,n,g,?,., ,E,N,D,"""",}
{,"""",p,r,o,m,p,t,""""
"""",S,u,m,m,a,r,y
 ,T,e,c,h,n,i,c,a,l, ,i,s,s,u,e,s,\,n,\,n,S,p,e,c,i,f,i,c, ,i,n,f,o,r,m,a,t,i,o,n
 ,U,s,e,r, ,i,s, ,f,a,c,i,n,g, ,i,s,s,u,e,s,\,n,\,n,#,#,#,\,n,\,n,U,s,e,r
 ,I, ,n,e,e,d, ,y,o,u,r, ,h,e,l,p, ,w,i,t,h, ,t,h,i,s, ,i,s,s,u,e, ,I,',m, ,f,a,c,i,n,g,\,n,A,g,e,n,t
 ,I,',m, ,s,o,r,r,y, ,t,o, ,h,e,a,r, ,t,h,a,t,., ,I, ,c,a,n, ,c,e,r,t,a,i,n,l,y, ,h,e,l,p, ,y,o,u, ,w,i,t,h, ,i,t,.,\,n,"""",",", ,"""",c,o,m,p,l,e,t,i,o,n,""""
"""",A,g,e,n,t
 ,C,o,u,l,d, ,y,o,u, ,p,l,e,a,s,e, ,t,e,l,l, ,m,e, ,m,o,r,e, ,a,b,o,u,t, ,t,h,e, ,i,s,s,u,e, ,y,o,u, ,a,r,e, ,f,a,c,i,n,g,?,., ,E,N,D,"""",}
{,"""",p,r,o,m,p,t,""""
"""",S,u,m,m,a,r,y
 ,P,a,s,s,w,o,r,d, ,r,e,s,e,t, ,r,e,q,u,e,s,t,e,d,\,n,\,n,S,p,e,c,i,f,i,c, ,i,n,f,o,r,m,a,t,i,o,n
 ,U,s,e,r, ,i,s, ,h,a,v,i,n,g, ,t,r,o,u,b,l,e, ,r,e,s,e,t,t,i,n,g, ,t,h,e,i,r, ,p,a,s,s,w,o,r,d,\,n,\,n,#,#,#,\,n,\,n,U,s,e,r
 ,I, ,c,a,n,',t, ,s,e,e,m, ,t,o, ,r,e,s,e,t, ,m,y, ,p,a,s,s,w,o,r,d,\,n,A,g,e,n,t
 ,C,a,n, ,y,o,u, ,p,l,e,a,s,e, ,p,r,o,v,i,d,e, ,m,e, ,w,i,t,h, ,y,o,u,r, ,u,s,e,r,n,a,m,e, ,o,r, ,e,m,a,i,l, ,a,s,s,o,c,i,a,t,e,d, ,w,i,t,h, ,t,h,e, ,a,c,c,o,u,n,t,?,\,n,"""",",", ,"""",c,o,m,p,l,e,t,i,o,n,""""
"""",U,s,e,r
 ,M,y, ,u,s,e,r,n,a,m,e, ,i,s, ,j,o,h,n,d,o,e,\,n,A,g,e,n,t
 ,I,',v,e, ,s,e,n,t, ,a, ,p,a,s,s,w,o,r,d, ,r,e,s,e,t, ,l,i,n,k, ,t,o, ,t,h,e, ,e,m,a,i,l, ,a,s,s,o,c,i,a,t,e,d, ,w,i,t,h, ,t,h,e, ,a,c,c,o,u,n,t, ,j,o,h,n,d,o,e,., ,P,l,e,a,s,e, ,c,h,e,c,k, ,y,o,u,r, ,i,n,b,o,x,., ,E,N,D,"""",}
{,"""",p,r,o,m,p,t,""""
"""",S,u,m,m,a,r,y
 ,S,u,p,p,o,r,t, ,t,i,c,k,e,t, ,c,r,e,a,t,i,o,n, ,r,e,q,u,e,s,t,e,d,\,n,\,n,S,p,e,c,i,f,i,c, ,i,n,f,o,r,m,a,t,i,o,n
 ,U,s,e,r, ,i,s, ,t,r,y,i,n,g, ,t,o, ,c,r,e,a,t,e, ,a, ,n,e,w, ,s,u,p,p,o,r,t, ,t,i,c,k,e,t,\,n,\,n,#,#,#,\,n,\,n,U,s,e,r
 ,H,o,w, ,c,a,n, ,I, ,c,r,e,a,t,e, ,a, ,n,e,w, ,s,u,p,p,o,r,t, ,t,i,c,k,e,t,?,\,n,A,g,e,n,t
 ,Y,o,u, ,c,a,n, ,c,r,e,a,t,e, ,a, ,n,e,w, ,s,u,p,p,o,r,t, ,t,i,c,k,e,t, ,b,y, ,v,i,s,i,t,i,n,g, ,o,u,r, ,w,e,b,s,i,t,e, ,a,n,d, ,c,l,i,c,k,i,n,g, ,o,n, ,t,h,e, ,',C,r,e,a,t,e, ,a, ,T,i,c,k,e,t,', ,b,u,t,t,o,n,.,\,n,"""",",", ,"""",c,o,m,p,l,e,t,i,o,n,""""
"""",U,s,e,r
 ,I, ,d,o,n,',t, ,s,e,e, ,t,h,a,t, ,b,u,t,t,o,n,\,n,A,g,e,n,t
 ,A,r,e, ,y,o,u, ,l,o,g,g,e,d, ,i,n, ,t,o, ,y,o,u,r, ,a,c,c,o,u,n,t,?, ,I,f, ,s,o,",", ,t,r,y, ,r,e,f,r,e,s,h,i,n,g, ,t,h,e, ,p,a,g,e,., ,I,f, ,n,o,t,",", ,p,l,e,a,s,e, ,l,o,g, ,i,n, ,a,n,d, ,t,r,y, ,a,g,a,i,n,., ,E,N,D,"""",}
{,"""",p,r,o,m,p,t,""""
"""",S,u,m,m,a,r,y
 ,E,m,a,i,l, ,a,c,c,o,u,n,t, ,i,s,s,u,e,\,n,\,n,S,p,e,c,i,f,i,c, ,i,n,f,o,r,m,a,t,i,o,n
 ,U,s,e,r, ,i,s, ,u,n,a,b,l,e, ,t,o, ,a,c,c,e,s,s, ,t,h,e,i,r, ,e,m,a,i,l, ,a,c,c,o,u,n,t,\,n,\,n,#,#,#,\,n,\,n,U,s,e,r
 ,I,',m, ,h,a,v,i,n,g, ,t,r,o,u,b,l,e, ,a,c,c,e,s,s,i,n,g, ,m,y, ,e,m,a,i,l, ,a,c,c,o,u,n,t,\,n,A,g,e,n,t
 ,C,a,n, ,y,o,u, ,p,l,e,a,s,e, ,p,r,o,v,i,d,e, ,m,e, ,w,i,t,h, ,y,o,u,r, ,e,m,a,i,l, ,a,d,d,r,e,s,s,?,\,n,"""",",", ,"""",c,o,m,p,l,e,t,i,o,n,""""
"""",U,s,e,r
 ,M,y, ,e,m,a,i,l, ,a,d,d,r,e,s,s, ,i,s, ,j,o,h,n,d,o,e,@,e,x,a,m,p,l,e,.,c,o,m,\,n,A,g,e,n,t
 ,I, ,s,e,e, ,t,h,a,t, ,y,o,u,r, ,a,c,c,o,u,n,t, ,i,s, ,c,u,r,r,e,n,t,l,y, ,l,o,c,k,e,d,., ,I, ,w,i,l,l, ,u,n,l,o,c,k, ,i,t, ,n,o,w, ,a,n,d, ,s,e,n,d, ,y,o,u, ,a,n, ,e,m,a,i,l, ,w,i,t,h, ,i,n,s,t,r,u,c,t,i,o,n,s, ,o,n, ,h,o,w, ,t,o, ,r,e,s,e,t, ,y,o,u,r, ,p,a,s,s,w,o,r,d,., ,E,N,D,"""",}
{,"""",p,r,o,m,p,t,""""
"""",S,u,m,m,a,r,y
 ,S,l,o,w, ,n,e,t,w,o,r,k, ,s,p,e,e,d,s,\,n,\,n,S,p,e,c,i,f,i,c, ,i,n,f,o,r,m,a,t,i,o,n
 ,U,s,e,r, ,i,s, ,r,e,p,o,r,t,i,n,g, ,s,l,o,w, ,n,e,t,w,o,r,k, ,s,p,e,e,d,s,\,n,\,n,#,#,#,\,n,\,n,U,s,e,r
 ,M,y, ,i,n,t,e,r,n,e,t, ,i,s, ,r,e,a,l,l,y, ,s,l,o,w,\,n,A,g,e,n,t
 ,C,a,n, ,y,o,u, ,p,l,e,a,s,e, ,p,r,o,v,i,d,e, ,m,e, ,w,i,t,h, ,y,o,u,r, ,l,o,c,a,t,i,o,n, ,a,n,d, ,t,h,e, ,t,y,p,e, ,o,f, ,d,e,v,i,c,e, ,y,o,u, ,a,r,e, ,u,s,i,n,g, ,t,o, ,a,c,c,e,s,s, ,t,h,e, ,i,n,t,e,r,n,e,t,?,\,n,"""",",", ,"""",c,o,m,p,l,e,t,i,o,n,""""
"""",U,s,e,r
 ,I,',m, ,i,n, ,t,h,e, ,N,e,w, ,Y,o,r,k, ,o,f,f,i,c,e, ,a,n,d, ,u,s,i,n,g, ,a, ,l,a,p,t,o,p,\,n,A,g,e,n,t
 ,I, ,s,e,e, ,t,h,a,t, ,t,h,e,r,e, ,i,s, ,a, ,n,e,t,w,o,r,k, ,i,s,s,u,e, ,i,n, ,t,h,e, ,N,e,w, ,Y,o,r,k, ,o,f,f,i,c,e,., ,O,u,r, ,t,e,a,m, ,i,s, ,w,o,r,k,i,n,g, ,o,n, ,r,e,s,o,l,v,i,n,g, ,i,t,., ,I,n, ,t,h,e, ,m,e,a,n,t,i,m,e,",", ,t,r,y, ,r,e,s,t,a,r,t,i,n,g, ,y,o,u,r, ,r,o,u,t,e,r, ,a,n,d, ,d,e,v,i,c,e,., ,E,N,D,"""",}
{,"""",p,r,o,m,p,t,""""
"""",S,u,m,m,a,r,y
 ,P,r,i,n,t,e,r, ,i,s,s,u,e,\,n,\,n,S,p,e,c,i,f,i,c, ,i,n,f,o,r,m,a,t,i,o,n
 ,U,s,e,r, ,i,s, ,r,e,p,o,r,t,i,n,g, ,a, ,p,r,o,b,l,e,m, ,w,i,t,h, ,t,h,e,i,r, ,p,r,i,n,t,e,r,\,n,\,n,#,#,#,\,n,\,n,U,s,e,r
 ,M,y, ,p,r,i,n,t,e,r, ,i,s,n,',t, ,w,o,r,k,i,n,g,\,n,A,g,e,n,t
 ,C,a,n, ,y,o,u, ,p,l,e,a,s,e, ,p,r,o,v,i,d,e, ,m,e, ,w,i,t,h, ,t,h,e, ,m,a,k,e, ,a,n,d, ,m,o,d,e,l, ,o,f, ,y,o,u,r, ,p,r,i,n,t,e,r,?,\,n,"""",",", ,"""",c,o,m,p,l,e,t,i,o,n,""""
"""",U,s,e,r
 ,I,t,',s, ,a, ,H,P, ,O,f,f,i,c,e,J,e,t, ,P,r,o, ,6,9,7,8,\,n,A,g,e,n,t
 ,I,t, ,l,o,o,k,s, ,l,i,k,e, ,t,h,e, ,p,r,i,n,t,e,r, ,i,s, ,o,u,t, ,o,f, ,p,a,p,e,r,., ,P,l,e,a,s,e, ,m,a,k,e, ,s,u,r,e, ,t,h,a,t, ,t,h,e,r,e, ,i,s, ,p,a,p,e,r, ,i,n, ,t,h,e, ,t,r,a,y, ,a,n,d, ,t,r,y, ,a,g,a,i,n,., ,E,N,D,"""",}
{,"""",p,r,o,m,p,t,""""
"""",S,u,m,m,a,r,y
 ,S,o,f,t,w,a,r,e, ,i,n,s,t,a,l,l,a,t,i,o,n, ,i,s,s,u,e,\,n,\,n,S,p,e,c,i,f,i,c, ,i,n,f,o,r,m,a,t,i,o,n
 ,U,s,e,r, ,i,s, ,h,a,v,i,n,g, ,t,r,o,u,b,l,e, ,i,n,s,t,a,l,l,i,n,g, ,a, ,s,p,e,c,i,f,i,c, ,s,o,f,t,w,a,r,e,\,n,\,n,#,#,#,\,n,\,n,U,s,e,r
 ,I, ,a,m, ,u,n,a,b,l,e, ,t,o, ,i,n,s,t,a,l,l, ,s,o,f,t,w,a,r,e, ,X,Y,Z,\,n,A,g,e,n,t
 ,C,a,n, ,y,o,u, ,p,l,e,a,s,e, ,p,r,o,v,i,d,e, ,m,e, ,w,i,t,h, ,t,h,e, ,e,r,r,o,r, ,m,e,s,s,a,g,e, ,y,o,u, ,a,r,e, ,r,e,c,e,i,v,i,n,g,?,\,n,"""",",", ,"""",c,o,m,p,l,e,t,i,o,n,""""
"""",U,s,e,r
 ,T,h,e, ,e,r,r,o,r, ,m,e,s,s,a,g,e, ,s,a,y,s, ,',I,n,s,t,a,l,l,a,t,i,o,n, ,F,a,i,l,e,d,',\,n,A,g,e,n,t
 ,I,t, ,a,p,p,e,a,r,s, ,t,h,a,t, ,t,h,e, ,s,o,f,t,w,a,r,e, ,i,s, ,n,o,t, ,c,o,m,p,a,t,i,b,l,e, ,w,i,t,h, ,y,o,u,r, ,o,p,e,r,a,t,i,n,g, ,s,y,s,t,e,m,., ,P,l,e,a,s,e, ,c,h,e,c,k, ,t,h,e, ,s,y,s,t,e,m, ,r,e,q,u,i,r,e,m,e,n,t,s, ,b,e,f,o,r,e, ,i,n,s,t,a,l,l,i,n,g,., ,E,N,D,"""",}
{,"""",p,r,o,m,p,t,""""
"""",S,u,m,m,a,r,y
 ,R,e,m,o,t,e, ,a,c,c,e,s,s, ,i,s,s,u,e,\,n,\,n,S,p,e,c,i,f,i,c, ,i,n,f,o,r,m,a,t,i,o,n
 ,U,s,e,r, ,i,s, ,u,n,a,b,l,e, ,t,o, ,a,c,c,e,s,s, ,t,h,e,i,r, ,w,o,r,k, ,c,o,m,p,u,t,e,r, ,r,e,m,o,t,e,l,y,\,n,\,n,#,#,#,\,n,\,n,U,s,e,r
 ,I, ,a,m, ,u,n,a,b,l,e, ,t,o, ,a,c,c,e,s,s, ,m,y, ,w,o,r,k, ,c,o,m,p,u,t,e,r, ,r,e,m,o,t,e,l,y,\,n,A,g,e,n,t
 ,C,a,n, ,y,o,u, ,p,l,e,a,s,e, ,p,r,o,v,i,d,e, ,m,e, ,w,i,t,h, ,y,o,u,r, ,u,s,e,r,n,a,m,e, ,a,n,d, ,t,h,e, ,n,a,m,e, ,o,f, ,t,h,e, ,c,o,m,p,u,t,e,r, ,y,o,u, ,a,r,e, ,t,r,y,i,n,g, ,t,o, ,a,c,c,e,s,s,?, ,E,N,D,"""",}
{,"""",p,r,o,m,p,t,""""
"""",S,u,m,m,a,r,y
 ,P,a,s,s,w,o,r,d, ,r,e,s,e,t, ,r,e,q,u,e,s,t,e,d, ,f,o,r, ,u,s,e,r, ,J,o,h,n, ,D,o,e,\,n,\,n,S,p,e,c,i,f,i,c, ,i,n,f,o,r,m,a,t,i,o,n
 ,T,i,c,k,e,t, ,n,u,m,b,e,r, ,1,2,3,4,5, ,\,n,\,n,#,#,#,\,n,\,n,U,s,e,r
 ,I, ,c,a,n,',t, ,s,e,e,m, ,t,o, ,r,e,s,e,t, ,m,y, ,p,a,s,s,w,o,r,d,\,n,A,g,e,n,t
 ,C,a,n, ,y,o,u, ,p,l,e,a,s,e, ,p,r,o,v,i,d,e, ,m,e, ,w,i,t,h, ,y,o,u,r, ,u,s,e,r,n,a,m,e, ,o,r, ,e,m,a,i,l, ,a,s,s,o,c,i,a,t,e,d, ,w,i,t,h, ,t,h,e, ,a,c,c,o,u,n,t,?,\,n,"""",",", ,"""",c,o,m,p,l,e,t,i,o,n,""""
"""",U,s,e,r
 ,M,y, ,u,s,e,r,n,a,m,e, ,i,s, ,j,o,h,n,d,o,e,\,n,A,g,e,n,t
 ,I,',v,e, ,s,e,n,t, ,a, ,p,a,s,s,w,o,r,d, ,r,e,s,e,t, ,l,i,n,k, ,t,o, ,t,h,e, ,e,m,a,i,l, ,a,s,s,o,c,i,a,t,e,d, ,w,i,t,h, ,t,h,e, ,a,c,c,o,u,n,t, ,j,o,h,n,d,o,e,., ,P,l,e,a,s,e, ,c,h,e,c,k, ,y,o,u,r, ,i,n,b,o,x, ,a,n,d, ,f,o,l,l,o,w, ,t,h,e, ,i,n,s,t,r,u,c,t,i,o,n,s,., ,E,N,D,"""",}
{,"""",p,r,o,m,p,t,""""
"""",S,u,m,m,a,r,y
 ,S,u,p,p,o,r,t, ,t,i,c,k,e,t, ,c,r,e,a,t,e,d, ,f,o,r, ,u,s,e,r, ,J,a,n,e, ,S,m,i,t,h,\,n,\,n,S,p,e,c,i,f,i,c, ,i,n,f,o,r,m,a,t,i,o,n
 ,T,i,c,k,e,t, ,n,u,m,b,e,r, ,2,3,4,5,6, ,\,n,\,n,#,#,#,\,n,\,n,U,s,e,r
 ,M,y, ,c,o,m,p,u,t,e,r, ,i,s, ,n,o,t, ,w,o,r,k,i,n,g, ,p,r,o,p,e,r,l,y,\,n,A,g,e,n,t
 ,C,a,n, ,y,o,u, ,p,l,e,a,s,e, ,p,r,o,v,i,d,e, ,m,e, ,w,i,t,h, ,m,o,r,e, ,d,e,t,a,i,l,s, ,a,b,o,u,t, ,t,h,e, ,i,s,s,u,e, ,a,n,d, ,t,h,e, ,m,a,k,e, ,a,n,d, ,m,o,d,e,l, ,o,f, ,y,o,u,r, ,c,o,m,p,u,t,e,r,?,\,n,"""",",", ,"""",c,o,m,p,l,e,t,i,o,n,""""
"""",U,s,e,r
 ,M,y, ,c,o,m,p,u,t,e,r, ,i,s, ,a, ,D,e,l,l, ,I,n,s,p,i,r,o,n, ,a,n,d, ,t,h,e, ,i,s,s,u,e, ,i,s, ,w,i,t,h, ,t,h,e, ,k,e,y,b,o,a,r,d, ,n,o,t, ,w,o,r,k,i,n,g,\,n,A,g,e,n,t
 ,I, ,s,e,e,",", ,I, ,w,i,l,l, ,a,s,s,i,g,n, ,t,h,i,s, ,t,i,c,k,e,t, ,t,o, ,o,u,r, ,h,a,r,d,w,a,r,e, ,t,e,a,m, ,a,n,d, ,t,h,e,y, ,w,i,l,l, ,c,o,n,t,a,c,t, ,y,o,u, ,s,h,o,r,t,l,y, ,t,o, ,r,e,s,o,l,v,e, ,t,h,e, ,i,s,s,u,e,., ,E,N,D,"""",}
{,"""",p,r,o,m,p,t,""""
"""",S,u,m,m,a,r,y
 ,E,m,a,i,l, ,a,c,c,o,u,n,t, ,i,s,s,u,e, ,f,o,r, ,u,s,e,r, ,M,i,c,h,a,e,l, ,J,o,h,n,s,o,n,\,n,\,n,S,p,e,c,i,f,i,c, ,i,n,f,o,r,m,a,t,i,o,n
 ,T,i,c,k,e,t, ,n,u,m,b,e,r, ,3,4,5,6,7, ,\,n,\,n,#,#,#,\,n,\,n,U,s,e,r
 ,I,',m, ,h,a,v,i,n,g, ,t,r,o,u,b,l,e, ,a,c,c,e,s,s,i,n,g, ,m,y, ,e,m,a,i,l, ,a,c,c,o,u,n,t,\,n,A,g,e,n,t
 ,C,a,n, ,y,o,u, ,p,l,e,a,s,e, ,p,r,o,v,i,d,e, ,m,e, ,w,i,t,h, ,y,o,u,r, ,e,m,a,i,l, ,a,d,d,r,e,s,s, ,a,n,d, ,t,h,e, ,e,r,r,o,r, ,m,e,s,s,a,g,e, ,y,o,u, ,a,r,e, ,r,e,c,e,i,v,i,n,g,?,\,n,"""",",", ,"""",c,o,m,p,l,e,t,i,o,n,""""
"""",U,s,e,r
 ,M,y, ,e,m,a,i,l, ,a,d,d,r,e,s,s, ,i,s, ,m,i,c,h,a,e,l,j,@,e,x,a,m,p,l,e,.,c,o,m, ,a,n,d, ,t,h,e, ,e,r,r,o,r, ,m,e,s,s,a,g,e, ,s,a,y,s, ,',I,n,v,a,l,i,d, ,l,o,g,i,n, ,c,r,e,d,e,n,t,i,a,l,s,',\,n,A,g,e,n,t
 ,I,t, ,a,p,p,e,a,r,s, ,t,h,a,t, ,y,o,u, ,m,i,g,h,t, ,n,e,e,d, ,t,o, ,r,e,s,e,t, ,y,o,u,r, ,p,a,s,s,w,o,r,d,., ,I,',v,e, ,s,e,n,t, ,a, ,p,a,s,s,w,o,r,d, ,r,e,s,e,t, ,l,i,n,k, ,t,o, ,t,h,e, ,e,m,a,i,l, ,a,s,s,o,c,i,a,t,e,d, ,w,i,t,h, ,y,o,u,r, ,a,c,c,o,u,n,t,., ,P,l,e,a,s,e, ,c,h,e,c,k, ,y,o,u,r, ,i,n,b,o,x,., ,E,N,D,"""",}
{,"""",p,r,o,m,p,t,""""
"""",S,u,m,m,a,r,y
 ,C,o,r,p,o,r,a,t,e, ,c,a,r,d, ,d,e,c,l,i,n,e,d, ,f,o,r, ,u,s,e,r, ,J,o,h,n, ,S,m,i,t,h,\,n,\,n,S,p,e,c,i,f,i,c, ,i,n,f,o,r,m,a,t,i,o,n
 ,T,i,c,k,e,t, ,n,u,m,b,e,r, ,1,2,3,4,5, ,\,n,\,n,#,#,#,\,n,\,n,U,s,e,r
 ,M,y, ,c,o,r,p,o,r,a,t,e, ,c,a,r,d, ,w,a,s, ,d,e,c,l,i,n,e,d, ,w,h,e,n, ,I, ,t,r,i,e,d, ,t,o, ,m,a,k,e, ,a, ,p,u,r,c,h,a,s,e,\,n,A,g,e,n,t
 ,C,a,n, ,y,o,u, ,p,l,e,a,s,e, ,p,r,o,v,i,d,e, ,m,e, ,w,i,t,h, ,t,h,e, ,c,a,r,d, ,n,u,m,b,e,r, ,a,n,d, ,t,h,e, ,d,a,t,e, ,o,f, ,t,h,e, ,t,r,a,n,s,a,c,t,i,o,n,?,\,n,"""",",", ,"""",c,o,m,p,l,e,t,i,o,n,""""
"""",U,s,e,r
 ,T,h,e, ,c,a,r,d, ,n,u,m,b,e,r, ,i,s, ,1,2,3,4, ,5,6,7,8, ,9,0,1,2, ,3,4,5,6, ,a,n,d, ,t,h,e, ,d,a,t,e, ,o,f, ,t,h,e, ,t,r,a,n,s,a,c,t,i,o,n, ,w,a,s, ,y,e,s,t,e,r,d,a,y,\,n,A,g,e,n,t
 ,I, ,s,e,e,",", ,I, ,w,i,l,l, ,i,n,v,e,s,t,i,g,a,t,e, ,t,h,i,s, ,i,s,s,u,e, ,a,n,d, ,c,o,n,t,a,c,t, ,y,o,u, ,s,h,o,r,t,l,y, ,w,i,t,h, ,m,o,r,e, ,i,n,f,o,r,m,a,t,i,o,n,., ,I,n, ,t,h,e, ,m,e,a,n,t,i,m,e,",", ,p,l,e,a,s,e, ,u,s,e, ,a,n, ,a,l,t,e,r,n,a,t,i,v,e, ,f,o,r,m, ,o,f, ,p,a,y,m,e,n,t,., ,E,N,D,"""",}
{,"""",p,r,o,m,p,t,""""
"""",S,u,m,m,a,r,y
 ,C,u,s,t,o,m,e,r, ,o,n, ,h,o,l,d, ,f,o,r, ,u,s,e,r, ,J,a,n,e, ,D,o,e,\,n,\,n,S,p,e,c,i,f,i,c, ,i,n,f,o,r,m,a,t,i,o,n
 ,T,i,c,k,e,t, ,n,u,m,b,e,r, ,2,3,4,5,6, ,\,n,\,n,#,#,#,\,n,\,n,U,s,e,r
 ,I,',v,e, ,b,e,e,n, ,o,n, ,h,o,l,d, ,f,o,r, ,o,v,e,r, ,2,0, ,m,i,n,u,t,e,s,",", ,c,a,n, ,y,o,u, ,h,e,l,p, ,m,e,?,\,n,A,g,e,n,t
 ,I, ,a,p,o,l,o,g,i,z,e, ,f,o,r, ,t,h,e, ,w,a,i,t,., ,C,a,n, ,y,o,u, ,p,l,e,a,s,e, ,p,r,o,v,i,d,e, ,m,e, ,w,i,t,h, ,y,o,u,r, ,p,h,o,n,e, ,n,u,m,b,e,r, ,a,n,d, ,t,h,e, ,r,e,a,s,o,n, ,f,o,r, ,y,o,u,r, ,c,a,l,l,?,\,n,"""",",", ,"""",c,o,m,p,l,e,t,i,o,n,""""
"""",U,s,e,r
 ,M,y, ,p,h,o,n,e, ,n,u,m,b,e,r, ,i,s, ,5,5,5,-,5,5,5,-,5,5,5,5, ,a,n,d, ,I,',m, ,c,a,l,l,i,n,g, ,a,b,o,u,t, ,a, ,b,i,l,l,i,n,g, ,i,s,s,u,e,\,n,A,g,e,n,t
 ,I, ,u,n,d,e,r,s,t,a,n,d,",", ,I, ,w,i,l,l, ,t,r,a,n,s,f,e,r, ,y,o,u, ,t,o, ,t,h,e, ,b,i,l,l,i,n,g, ,d,e,p,a,r,t,m,e,n,t, ,a,n,d, ,t,h,e,y, ,w,i,l,l, ,a,s,s,i,s,t, ,y,o,u, ,w,i,t,h, ,y,o,u,r, ,i,s,s,u,e,., ,T,h,a,n,k, ,y,o,u, ,f,o,r, ,y,o,u,r, ,p,a,t,i,e,n,c,e,., ,E,N,D,"""",}
{,"""",p,r,o,m,p,t,""""
"""",S,u,m,m,a,r,y
 ,S,y,s,t,e,m, ,i,s,s,u,e,s, ,r,e,p,o,r,t,e,d, ,b,y, ,u,s,e,r, ,M,i,c,h,a,e,l, ,J,o,h,n,s,o,n,\,n,\,n,S,p,e,c,i,f,i,c, ,i,n,f,o,r,m,a,t,i,o,n
 ,T,i,c,k,e,t, ,n,u,m,b,e,r, ,3,4,5,6,7, ,\,n,\,n,#,#,#,\,n,\,n,U,s,e,r
 ,O,u,r, ,s,y,s,t,e,m,s, ,a,r,e, ,d,o,w,n, ,a,n,d, ,w,e, ,c,a,n,',t, ,a,c,c,e,s,s, ,a,n,y, ,f,i,l,e,s,\,n,A,g,e,n,t
 ,C,a,n, ,y,o,u, ,p,l,e,a,s,e, ,p,r,o,v,i,d,e, ,m,o,r,e, ,d,e,t,a,i,l,s, ,a,b,o,u,t, ,t,h,e, ,i,s,s,u,e, ,a,n,d, ,t,h,e, ,n,a,m,e, ,o,f, ,t,h,e, ,a,f,f,e,c,t,e,d, ,s,y,s,t,e,m,s,?,\,n,"""",",", ,"""",c,o,m,p,l,e,t,i,o,n,""""
"""",U,s,e,r
 ,T,h,e, ,i,s,s,u,e, ,i,s, ,w,i,t,h, ,o,u,r, ,s,e,r,v,e,r, ,a,n,d, ,i,t,',s, ,a,f,f,e,c,t,i,n,g, ,a,l,l, ,d,e,p,a,r,t,m,e,n,t,s,., ,T,h,e, ,s,e,r,v,e,r, ,n,a,m,e, ,i,s, ,',S,e,r,v,e,r,1,',\,n,A,g,e,n,t
 ,I, ,u,n,d,e,r,s,t,a,n,d,",", ,I, ,w,i,l,l, ,e,s,c,a,l,a,t,e, ,t,h,i,s, ,i,s,s,u,e, ,t,o, ,o,u,r, ,I,T, ,t,e,a,m, ,a,n,d, ,t,h,e,y, ,w,i,l,l, ,w,o,r,k, ,o,n, ,r,e,s,o,l,v,i,n,g, ,i,t, ,a,s, ,s,o,o,n, ,a,s, ,p,o,s,s,i,b,l,e,., ,I, ,w,i,l,l, ,k,e,e,p, ,y,o,u, ,u,p,d,a,t,e,d, ,o,n, ,t,h,e, ,p,r,o,g,r,e,s,s,., ,E,N,D,"""",}
{,"""",p,r,o,m,p,t,""""
"""",S,u,m,m,a,r,y
 ,O,S, ,i,s,s,u,e,s, ,r,e,p,o,r,t,e,d, ,b,y, ,u,s,e,r, ,D,a,v,i,d, ,B,r,o,w,n,\,n,\,n,S,p,e,c,i,f,i,c, ,i,n,f,o,r,m,a,t,i,o,n
 ,T,i,c,k,e,t, ,n,u,m,b,e,r, ,4,5,6,7,8, ,\,n,\,n,#,#,#,\,n,\,n,U,s,e,r
 ,M,y, ,c,o,m,p,u,t,e,r,',s, ,o,p,e,r,a,t,i,n,g, ,s,y,s,t,e,m, ,i,s, ,n,o,t, ,w,o,r,k,i,n,g, ,p,r,o,p,e,r,l,y,\,n,A,g,e,n,t
 ,C,a,n, ,y,o,u, ,p,l,e,a,s,e, ,p,r,o,v,i,d,e, ,m,e, ,w,i,t,h, ,t,h,e, ,m,a,k,e, ,a,n,d, ,m,o,d,e,l, ,o,f, ,y,o,u,r, ,c,o,m,p,u,t,e,r, ,a,n,d, ,t,h,e, ,s,p,e,c,i,f,i,c, ,i,s,s,u,e,s, ,y,o,u, ,a,r,e, ,f,a,c,i,n,g, ,w,i,t,h, ,t,h,e, ,O,S,?,\,n,"""",",", ,"""",c,o,m,p,l,e,t,i,o,n,""""
"""",U,s,e,r
 ,M,y, ,c,o,m,p,u,t,e,r, ,i,s, ,a, ,H,P, ,P,a,v,i,l,i,o,n, ,a,n,d, ,t,h,e, ,i,s,s,u,e,s, ,a,r,e, ,w,i,t,h, ,s,l,o,w, ,p,e,r,f,o,r,m,a,n,c,e, ,a,n,d, ,f,r,e,q,u,e,n,t, ,c,r,a,s,h,e,s,\,n,A,g,e,n,t
 ,I, ,u,n,d,e,r,s,t,a,n,d,",", ,I, ,w,i,l,l, ,e,s,c,a,l,a,t,e, ,t,h,i,s, ,i,s,s,u,e, ,t,o, ,o,u,r, ,I,T, ,t,e,a,m, ,a,n,d, ,t,h,e,y, ,w,i,l,l, ,w,o,r,k, ,o,n, ,r,e,s,o,l,v,i,n,g, ,i,t, ,a,s, ,s,o,o,n, ,a,s, ,p,o,s,s,i,b,l,e,., ,I, ,w,i,l,l, ,k,e,e,p, ,y,o,u, ,u,p,d,a,t,e,d, ,o,n, ,t,h,e, ,p,r,o,g,r,e,s,s,., ,E,N,D,"""",}
{,"""",p,r,o,m,p,t,""""
"""",S,u,m,m,a,r,y
 ,T,i,c,k,e,t, ,c,r,e,a,t,e,d, ,f,o,r, ,s,o,f,t,w,a,r,e, ,i,n,s,t,a,l,l,a,t,i,o,n, ,f,o,r, ,u,s,e,r, ,J,o,h,n, ,S,m,i,t,h,\,n,\,n,S,p,e,c,i,f,i,c, ,i,n,f,o,r,m,a,t,i,o,n
 ,T,i,c,k,e,t, ,n,u,m,b,e,r, ,1,2,3,4,5, ,\,n,\,n,#,#,#,\,n,\,n,U,s,e,r
 ,I, ,n,e,e,d, ,t,o, ,i,n,s,t,a,l,l, ,s,o,f,t,w,a,r,e, ,X,Y,Z, ,o,n, ,m,y, ,c,o,m,p,u,t,e,r,\,n,A,g,e,n,t
 ,C,a,n, ,y,o,u, ,p,l,e,a,s,e, ,p,r,o,v,i,d,e, ,m,e, ,w,i,t,h, ,t,h,e, ,n,a,m,e, ,a,n,d, ,v,e,r,s,i,o,n, ,o,f, ,t,h,e, ,s,o,f,t,w,a,r,e, ,y,o,u, ,n,e,e,d, ,t,o, ,i,n,s,t,a,l,l,?,\,n,"""",",", ,"""",c,o,m,p,l,e,t,i,o,n,""""
"""",U,s,e,r
 ,T,h,e, ,s,o,f,t,w,a,r,e, ,i,s, ,X,Y,Z, ,v,e,r,s,i,o,n, ,1,0,.,0,\,n,A,g,e,n,t
 ,I, ,s,e,e,",", ,I, ,w,i,l,l, ,c,r,e,a,t,e, ,a, ,t,i,c,k,e,t, ,f,o,r, ,o,u,r, ,I,T, ,t,e,a,m, ,t,o, ,i,n,s,t,a,l,l, ,t,h,e, ,s,o,f,t,w,a,r,e, ,o,n, ,y,o,u,r, ,c,o,m,p,u,t,e,r,., ,T,h,e,y, ,w,i,l,l, ,c,o,n,t,a,c,t, ,y,o,u, ,s,h,o,r,t,l,y, ,t,o, ,s,c,h,e,d,u,l,e, ,t,h,e, ,i,n,s,t,a,l,l,a,t,i,o,n,., ,E,N,D,"""",}
{,"""",p,r,o,m,p,t,""""
"""",S,u,m,m,a,r,y
 ,T,i,c,k,e,t, ,c,r,e,a,t,e,d, ,f,o,r, ,s,o,f,t,w,a,r,e, ,u,n,-,i,n,s,t,a,l,l,a,t,i,o,n, ,f,o,r, ,u,s,e,r, ,J,a,n,e, ,D,o,e,\,n,\,n,S,p,e,c,i,f,i,c, ,i,n,f,o,r,m,a,t,i,o,n
 ,T,i,c,k,e,t, ,n,u,m,b,e,r, ,2,3,4,5,6, ,\,n,\,n,#,#,#,\,n,\,n,U,s,e,r
 ,I, ,n,e,e,d, ,t,o, ,u,n,-,i,n,s,t,a,l,l, ,s,o,f,t,w,a,r,e, ,A,B,C, ,f,r,o,m, ,m,y, ,c,o,m,p,u,t,e,r,\,n,A,g,e,n,t
 ,C,a,n, ,y,o,u, ,p,l,e,a,s,e, ,p,r,o,v,i,d,e, ,m,e, ,w,i,t,h, ,t,h,e, ,n,a,m,e, ,a,n,d, ,v,e,r,s,i,o,n, ,o,f, ,t,h,e, ,s,o,f,t,w,a,r,e, ,y,o,u, ,n,e,e,d, ,t,o, ,u,n,-,i,n,s,t,a,l,l,?,\,n,"""",",", ,"""",c,o,m,p,l,e,t,i,o,n,""""
"""",U,s,e,r
 ,T,h,e, ,s,o,f,t,w,a,r,e, ,i,s, ,A,B,C, ,v,e,r,s,i,o,n, ,5,.,0,\,n,A,g,e,n,t
 ,I, ,u,n,d,e,r,s,t,a,n,d,",", ,I, ,w,i,l,l, ,c,r,e,a,t,e, ,a, ,t,i,c,k,e,t, ,f,o,r, ,o,u,r, ,I,T, ,t,e,a,m, ,t,o, ,u,n,-,i,n,s,t,a,l,l, ,t,h,e, ,s,o,f,t,w,a,r,e, ,f,r,o,m, ,y,o,u,r, ,c,o,m,p,u,t,e,r,., ,T,h,e,y, ,w,i,l,l, ,c,o,n,t,a,c,t, ,y,o,u, ,s,h,o,r,t,l,y, ,t,o, ,s,c,h,e,d,u,l,e, ,t,h,e, ,u,n,-,i,n,s,t,a,l,l,a,t,i,o,n,., ,E,N,D,"""",}
{,"""",p,r,o,m,p,t,""""
"""",S,u,m,m,a,r,y
 ,U,s,e,r, ,l,o,g,i,n, ,i,s,s,u,e,s, ,r,e,p,o,r,t,e,d, ,b,y, ,u,s,e,r, ,M,i,c,h,a,e,l, ,J,o,h,n,s,o,n,\,n,\,n,S,p,e,c,i,f,i,c, ,i,n,f,o,r,m,a,t,i,o,n
 ,T,i,c,k,e,t, ,n,u,m,b,e,r, ,3,4,5,6,7, ,\,n,\,n,#,#,#,\,n,\,n,U,s,e,r
 ,I,',m, ,u,n,a,b,l,e, ,t,o, ,l,o,g,i,n, ,t,o, ,m,y, ,a,c,c,o,u,n,t,\,n,A,g,e,n,t
 ,C,a,n, ,y,o,u, ,p,l,e,a,s,e, ,p,r,o,v,i,d,e, ,m,e, ,w,i,t,h, ,y,o,u,r, ,u,s,e,r,n,a,m,e, ,a,n,d, ,t,h,e, ,e,r,r,o,r, ,m,e,s,s,a,g,e, ,y,o,u, ,a,r,e, ,r,e,c,e,i,v,i,n,g,?,\,n,"""",",", ,"""",c,o,m,p,l,e,t,i,o,n,""""
"""",U,s,e,r
 ,M,y, ,u,s,e,r,n,a,m,e, ,i,s, ,m,i,c,h,a,e,l,j, ,a,n,d, ,t,h,e, ,e,r,r,o,r, ,m,e,s,s,a,g,e, ,s,a,y,s, ,',I,n,c,o,r,r,e,c,t, ,p,a,s,s,w,o,r,d,',\,n,A,g,e,n,t
 ,I, ,s,e,e,",", ,I, ,w,i,l,l, ,r,e,s,e,t, ,y,o,u,r, ,p,a,s,s,w,o,r,d, ,a,n,d, ,s,e,n,d, ,y,o,u, ,a,n, ,e,m,a,i,l, ,w,i,t,h, ,i,n,s,t,r,u,c,t,i,o,n,s, ,t,o, ,s,e,t, ,a, ,n,e,w, ,o,n,e,., ,I,f, ,y,o,u, ,c,o,n,t,i,n,u,e, ,t,o, ,e,x,p,e,r,i,e,n,c,e, ,i,s,s,u,e,s,",", ,p,l,e,a,s,e, ,c,o,n,t,a,c,t, ,u,s, ,a,g,a,i,n,., ,E,N,D,"""",}
{,"""",p,r,o,m,p,t,""""
"""",S,u,m,m,a,r,y
 ,F,i,l,e, ,a,c,c,e,s,s, ,i,s,s,u,e, ,r,e,p,o,r,t,e,d, ,b,y, ,u,s,e,r, ,D,a,v,i,d, ,B,r,o,w,n,\,n,\,n,S,p,e,c,i,f,i,c, ,i,n,f,o,r,m,a,t,i,o,n
 ,T,i,c,k,e,t, ,n,u,m,b,e,r, ,4,5,6,7,8, ,\,n,\,n,#,#,#,\,n,\,n,U,s,e,r
 ,I,',m, ,u,n,a,b,l,e, ,t,o, ,a,c,c,e,s,s, ,a, ,s,p,e,c,i,f,i,c, ,f,i,l,e, ,o,n, ,t,h,e, ,n,e,t,w,o,r,k,\,n,A,g,e,n,t
 ,C,a,n, ,y,o,u, ,p,l,e,a,s,e, ,p,r,o,v,i,d,e, ,m,e, ,w,i,t,h, ,t,h,e, ,f,i,l,e, ,n,a,m,e, ,a,n,d, ,t,h,e, ,l,o,c,a,t,i,o,n, ,w,h,e,r,e, ,i,t, ,i,s, ,s,t,o,r,e,d,?,\,n,"""",",", ,"""",c,o,m,p,l,e,t,i,o,n,""""
"""",U,s,e,r
 ,T,h,e, ,f,i,l,e, ,n,a,m,e, ,i,s, ,',p,r,o,j,e,c,t,_,r,e,p,o,r,t,.,d,o,c,', ,a,n,d, ,i,t,',s, ,s,t,o,r,e,d, ,i,n, ,t,h,e, ,',P,r,o,j,e,c,t,s,', ,f,o,l,d,e,r, ,o,n, ,t,h,e, ,',M,a,r,k,e,t,i,n,g,', ,d,r,i,v,e,\,n,A,g,e,n,t
 ,I, ,u,n,d,e,r,s,t,a,n,d,",", ,I, ,w,i,l,l, ,c,h,e,c,k, ,t,h,e, ,p,e,r,m,i,s,s,i,o,n,s, ,o,n, ,t,h,a,t, ,f,i,l,e, ,a,n,d, ,f,o,l,d,e,r, ,a,n,d, ,m,a,k,e, ,s,u,r,e, ,y,o,u, ,h,a,v,e, ,t,h,e, ,n,e,c,e,s,s,a,r,y, ,a,c,c,e,s,s,., ,I, ,w,i,l,l, ,u,p,d,a,t,e, ,y,o,u, ,o,n, ,t,h,e, ,f,i,n,d,i,n,g,s,., ,E,N,D,"""",}
{,"""",p,r,o,m,p,t,""""
"""",S,u,m,m,a,r,y
 ,T,i,c,k,e,t, ,c,r,e,a,t,e,d, ,f,o,r, ,m,i,s,s,i,n,g, ,b,a,c,k,u,p, ,f,i,l,e,s, ,f,o,r, ,u,s,e,r, ,J,o,h,n, ,S,m,i,t,h,\,n,\,n,S,p,e,c,i,f,i,c, ,i,n,f,o,r,m,a,t,i,o,n
 ,T,i,c,k,e,t, ,n,u,m,b,e,r, ,1,2,3,4,5, ,\,n,\,n,#,#,#,\,n,\,n,U,s,e,r
 ,I, ,a,m, ,u,n,a,b,l,e, ,t,o, ,f,i,n,d, ,s,o,m,e, ,o,f, ,m,y, ,b,a,c,k,u,p, ,f,i,l,e,s,\,n,A,g,e,n,t
 ,C,a,n, ,y,o,u, ,p,l,e,a,s,e, ,p,r,o,v,i,d,e, ,m,e, ,w,i,t,h, ,t,h,e, ,n,a,m,e, ,o,f, ,t,h,e, ,m,i,s,s,i,n,g, ,f,i,l,e,s, ,a,n,d, ,t,h,e, ,d,a,t,e, ,o,f, ,t,h,e, ,b,a,c,k,u,p,?,\,n,"""",",", ,"""",c,o,m,p,l,e,t,i,o,n,""""
"""",U,s,e,r
 ,T,h,e, ,m,i,s,s,i,n,g, ,f,i,l,e,s, ,a,r,e, ,',b,u,d,g,e,t,.,x,l,s,x,', ,a,n,d, ,',s,a,l,e,s,_,r,e,p,o,r,t,.,p,d,f,', ,a,n,d, ,t,h,e, ,d,a,t,e, ,o,f, ,t,h,e, ,b,a,c,k,u,p, ,w,a,s, ,l,a,s,t, ,w,e,e,k,\,n,A,g,e,n,t
 ,I, ,u,n,d,e,r,s,t,a,n,d,",", ,I, ,w,i,l,l, ,i,n,v,e,s,t,i,g,a,t,e, ,t,h,e, ,i,s,s,u,e, ,a,n,d, ,r,e,s,t,o,r,e, ,t,h,e, ,m,i,s,s,i,n,g, ,f,i,l,e,s, ,i,f, ,p,o,s,s,i,b,l,e,., ,I, ,w,i,l,l, ,u,p,d,a,t,e, ,y,o,u, ,o,n, ,t,h,e, ,p,r,o,g,r,e,s,s,., ,E,N,D,"""",}
{,"""",p,r,o,m,p,t,""""
"""",S,u,m,m,a,r,y
 ,E,m,p,l,o,y,e,e, ,t,i,m,e, ,e,n,t,r,y, ,i,s,s,u,e, ,f,o,r, ,u,s,e,r, ,J,a,n,e, ,D,o,e,\,n,\,n,S,p,e,c,i,f,i,c, ,i,n,f,o,r,m,a,t,i,o,n
 ,T,i,c,k,e,t, ,n,u,m,b,e,r, ,2,3,4,5,6, ,\,n,\,n,#,#,#,\,n,\,n,U,s,e,r
 ,I, ,a,m, ,u,n,a,b,l,e, ,t,o, ,s,u,b,m,i,t, ,m,y, ,t,i,m,e, ,e,n,t,r,y, ,f,o,r, ,t,h,i,s, ,w,e,e,k,\,n,A,g,e,n,t
 ,C,a,n, ,y,o,u, ,p,l,e,a,s,e, ,p,r,o,v,i,d,e, ,m,e, ,w,i,t,h, ,y,o,u,r, ,e,m,p,l,o,y,e,e, ,I,D, ,a,n,d, ,t,h,e, ,e,r,r,o,r, ,m,e,s,s,a,g,e, ,y,o,u, ,a,r,e, ,r,e,c,e,i,v,i,n,g,?,\,n,"""",",", ,"""",c,o,m,p,l,e,t,i,o,n,""""
"""",U,s,e,r
 ,M,y, ,e,m,p,l,o,y,e,e, ,I,D, ,i,s, ,1,2,3,4,5, ,a,n,d, ,t,h,e, ,e,r,r,o,r, ,m,e,s,s,a,g,e, ,s,a,y,s, ,',I,n,v,a,l,i,d, ,e,n,t,r,y,',\,n,A,g,e,n,t
 ,I, ,s,e,e,",", ,I, ,w,i,l,l, ,i,n,v,e,s,t,i,g,a,t,e, ,t,h,e, ,i,s,s,u,e, ,a,n,d, ,f,i,x, ,a,n,y, ,p,r,o,b,l,e,m,s, ,w,i,t,h, ,t,h,e, ,s,y,s,t,e,m,., ,I,n, ,t,h,e, ,m,e,a,n,t,i,m,e,",", ,p,l,e,a,s,e, ,t,r,y, ,a,g,a,i,n, ,l,a,t,e,r, ,o,r, ,c,o,n,t,a,c,t, ,y,o,u,r, ,s,u,p,e,r,v,i,s,o,r, ,f,o,r, ,a,s,s,i,s,t,a,n,c,e,., ,E,N,D,"""",}
{,"""",p,r,o,m,p,t,""""
"""",S,u,m,m,a,r,y
 ,S,y,s,t,e,m, ,r,e,b,o,o,t, ,i,s,s,u,e,s, ,r,e,p,o,r,t,e,d, ,b,y, ,u,s,e,r, ,M,i,c,h,a,e,l, ,J,o,h,n,s,o,n,\,n,\,n,S,p,e,c,i,f,i,c, ,i,n,f,o,r,m,a,t,i,o,n
 ,T,i,c,k,e,t, ,n,u,m,b,e,r, ,3,4,5,6,7, ,\,n,\,n,#,#,#,\,n,\,n,U,s,e,r
 ,M,y, ,c,o,m,p,u,t,e,r, ,k,e,e,p,s, ,r,e,b,o,o,t,i,n,g, ,u,n,e,x,p,e,c,t,e,d,l,y,\,n,A,g,e,n,t
 ,C,a,n, ,y,o,u, ,p,l,e,a,s,e, ,p,r,o,v,i,d,e, ,m,e, ,w,i,t,h, ,t,h,e, ,m,a,k,e, ,a,n,d, ,m,o,d,e,l, ,o,f, ,y,o,u,r, ,c,o,m,p,u,t,e,r, ,a,n,d, ,a,n,y, ,e,r,r,o,r, ,m,e,s,s,a,g,e,s, ,y,o,u, ,a,r,e, ,r,e,c,e,i,v,i,n,g,?,\,n,"""",",", ,"""",c,o,m,p,l,e,t,i,o,n,""""
"""",U,s,e,r
 ,M,y, ,c,o,m,p,u,t,e,r, ,i,s, ,a, ,D,e,l,l, ,X,P,S, ,a,n,d, ,I,',m, ,n,o,t, ,g,e,t,t,i,n,g, ,a,n,y, ,e,r,r,o,r, ,m,e,s,s,a,g,e,s,., ,I,t, ,j,u,s,t, ,k,e,e,p,s, ,r,e,b,o,o,t,i,n,g,\,n,A,g,e,n,t
 ,I, ,u,n,d,e,r,s,t,a,n,d,",", ,I, ,w,i,l,l, ,e,s,c,a,l,a,t,e, ,t,h,i,s, ,i,s,s,u,e, ,t,o, ,o,u,r, ,I,T, ,t,e,a,m, ,a,n,d, ,t,h,e,y, ,w,i,l,l, ,i,n,v,e,s,t,i,g,a,t,e, ,t,h,e, ,p,r,o,b,l,e,m,., ,I, ,w,i,l,l, ,k,e,e,p, ,y,o,u, ,u,p,d,a,t,e,d, ,o,n, ,t,h,e, ,p,r,o,g,r,e,s,s,., ,E,N,D,"""",}
{,"""",p,r,o,m,p,t,""""
"""",S,u,m,m,a,r,y
 ,T,i,c,k,e,t, ,c,r,e,a,t,e,d, ,t,o, ,r,e,q,u,e,s,t, ,f,o,r, ,a,c,c,e,s,s, ,t,o, ,s,e,r,v,e,r, ,f,o,r, ,u,s,e,r, ,J,o,h,n, ,S,m,i,t,h,\,n,\,n,S,p,e,c,i,f,i,c, ,i,n,f,o,r,m,a,t,i,o,n
 ,T,i,c,k,e,t, ,n,u,m,b,e,r, ,1,2,3,4,5, ,\,n,\,n,#,#,#,\,n,\,n,U,s,e,r
 ,I, ,n,e,e,d, ,a,c,c,e,s,s, ,t,o, ,s,e,r,v,e,r, ,X,Y,Z, ,f,o,r, ,m,y, ,p,r,o,j,e,c,t,\,n,A,g,e,n,t
 ,C,a,n, ,y,o,u, ,p,l,e,a,s,e, ,p,r,o,v,i,d,e, ,m,e, ,w,i,t,h, ,t,h,e, ,n,a,m,e, ,o,f, ,t,h,e, ,s,e,r,v,e,r, ,a,n,d, ,y,o,u,r, ,r,o,l,e, ,i,n, ,t,h,e, ,c,o,m,p,a,n,y,?,\,n,"""",",", ,"""",c,o,m,p,l,e,t,i,o,n,""""
"""",U,s,e,r
 ,T,h,e, ,s,e,r,v,e,r, ,n,a,m,e, ,i,s, ,X,Y,Z, ,a,n,d, ,I, ,a,m, ,a, ,d,e,v,e,l,o,p,e,r, ,i,n, ,t,h,e, ,c,o,m,p,a,n,y,\,n,A,g,e,n,t
 ,I, ,s,e,e,",", ,I, ,w,i,l,l, ,f,o,r,w,a,r,d, ,t,h,i,s, ,r,e,q,u,e,s,t, ,t,o, ,t,h,e, ,s,e,r,v,e,r, ,a,d,m,i,n,i,s,t,r,a,t,o,r, ,a,n,d, ,t,h,e,y, ,w,i,l,l, ,g,r,a,n,t, ,y,o,u, ,t,h,e, ,a,c,c,e,s,s,., ,I, ,w,i,l,l, ,u,p,d,a,t,e, ,y,o,u, ,o,n, ,t,h,e, ,p,r,o,g,r,e,s,s,., ,E,N,D,"""",}
{,"""",p,r,o,m,p,t,""""
"""",S,u,m,m,a,r,y
 ,C,o,r,p,o,r,a,t,e, ,n,e,t,w,o,r,k, ,c,o,n,n,e,c,t,i,v,i,t,y, ,i,s,s,u,e,s, ,r,e,p,o,r,t,e,d, ,b,y, ,u,s,e,r, ,J,a,n,e, ,D,o,e,\,n,\,n,S,p,e,c,i,f,i,c, ,i,n,f,o,r,m,a,t,i,o,n
 ,T,i,c,k,e,t, ,n,u,m,b,e,r, ,2,3,4,5,6, ,\,n,\,n,#,#,#,\,n,\,n,U,s,e,r
 ,I, ,a,m, ,h,a,v,i,n,g, ,c,o,n,n,e,c,t,i,v,i,t,y, ,i,s,s,u,e,s, ,w,i,t,h, ,t,h,e, ,c,o,r,p,o,r,a,t,e, ,n,e,t,w,o,r,k,\,n,A,g,e,n,t
 ,C,a,n, ,y,o,u, ,p,l,e,a,s,e, ,p,r,o,v,i,d,e, ,m,e, ,w,i,t,h, ,y,o,u,r, ,l,o,c,a,t,i,o,n, ,a,n,d, ,t,h,e, ,t,y,p,e, ,o,f, ,d,e,v,i,c,e, ,y,o,u, ,a,r,e, ,u,s,i,n,g, ,t,o, ,c,o,n,n,e,c,t, ,t,o, ,t,h,e, ,n,e,t,w,o,r,k,?,\,n,"""",",", ,"""",c,o,m,p,l,e,t,i,o,n,""""
"""",U,s,e,r
 ,I, ,a,m, ,l,o,c,a,t,e,d, ,a,t, ,t,h,e, ,m,a,i,n, ,o,f,f,i,c,e, ,a,n,d, ,I, ,a,m, ,u,s,i,n,g, ,a, ,W,i,n,d,o,w,s, ,1,0, ,l,a,p,t,o,p, ,t,o, ,c,o,n,n,e,c,t, ,t,o, ,t,h,e, ,n,e,t,w,o,r,k,\,n,A,g,e,n,t
 ,I, ,u,n,d,e,r,s,t,a,n,d,",", ,I, ,w,i,l,l, ,i,n,v,e,s,t,i,g,a,t,e, ,t,h,e, ,i,s,s,u,e, ,a,n,d, ,t,r,o,u,b,l,e,s,h,o,o,t, ,t,h,e, ,p,r,o,b,l,e,m,., ,I, ,w,i,l,l, ,u,p,d,a,t,e, ,y,o,u, ,o,n, ,t,h,e, ,p,r,o,g,r,e,s,s,., ,E,N,D,"""",}
{,"""",p,r,o,m,p,t,""""
"""",S,u,m,m,a,r,y
 ,V,P,N, ,i,s,s,u,e, ,r,e,p,o,r,t,e,d, ,b,y, ,u,s,e,r, ,M,i,c,h,a,e,l, ,J,o,h,n,s,o,n,\,n,\,n,S,p,e,c,i,f,i,c, ,i,n,f,o,r,m,a,t,i,o,n
 ,T,i,c,k,e,t, ,n,u,m,b,e,r, ,3,4,5,6,7, ,\,n,\,n,#,#,#,\,n,\,n,U,s,e,r
 ,I, ,a,m, ,u,n,a,b,l,e, ,t,o, ,c,o,n,n,e,c,t, ,t,o, ,t,h,e, ,V,P,N,\,n,A,g,e,n,t
 ,C,a,n, ,y,o,u, ,p,l,e,a,s,e, ,p,r,o,v,i,d,e, ,m,e, ,w,i,t,h, ,t,h,e, ,e,r,r,o,r, ,m,e,s,s,a,g,e, ,y,o,u, ,a,r,e, ,r,e,c,e,i,v,i,n,g, ,a,n,d, ,t,h,e, ,v,e,r,s,i,o,n, ,o,f, ,t,h,e, ,V,P,N, ,c,l,i,e,n,t, ,y,o,u, ,a,r,e, ,u,s,i,n,g,?,\,n,"""",",", ,"""",c,o,m,p,l,e,t,i,o,n,""""
"""",U,s,e,r
 ,T,h,e, ,e,r,r,o,r, ,m,e,s,s,a,g,e, ,s,a,y,s, ,',V,P,N, ,c,o,n,n,e,c,t,i,o,n, ,f,a,i,l,e,d,', ,a,n,d, ,I, ,a,m, ,u,s,i,n,g, ,v,e,r,s,i,o,n, ,5,.,0, ,o,f, ,t,h,e, ,V,P,N, ,c,l,i,e,n,t,\,n,A,g,e,n,t
 ,I, ,s,e,e,",", ,I, ,w,i,l,l, ,i,n,v,e,s,t,i,g,a,t,e, ,t,h,e, ,i,s,s,u,e, ,a,n,d, ,t,r,o,u,b,l,e,s,h,o,o,t, ,t,h,e, ,p,r,o,b,l,e,m,., ,I, ,w,i,l,l, ,u,p,d,a,t,e, ,y,o,u, ,o,n, ,t,h,e, ,p,r,o,g,r,e,s,s,., ,E,N,D,"""",}
{,"""",p,r,o,m,p,t,""""
"""",S,u,m,m,a,r,y
 ,E,m,p,l,o,y,e,e, ,i,s, ,r,e,q,u,e,s,t,i,n,g, ,t,i,m,e, ,o,f,f, ,f,o,r, ,a, ,f,a,m,i,l,y, ,e,m,e,r,g,e,n,c,y,\,n,\,n,S,p,e,c,i,f,i,c, ,i,n,f,o,r,m,a,t,i,o,n
 ,E,m,p,l,o,y,e,e, ,I,D
 ,6,7,8,9,0,",", ,N,a,m,e
 ,J,a,n,e, ,D,o,e,\,n,\,n,#,#,#,\,n,\,n,U,s,e,r
 ,I, ,n,e,e,d, ,t,o, ,t,a,k,e, ,s,o,m,e, ,t,i,m,e, ,o,f,f, ,f,o,r, ,a, ,f,a,m,i,l,y, ,e,m,e,r,g,e,n,c,y,",", ,w,h,a,t, ,d,o, ,I, ,n,e,e,d, ,t,o, ,d,o,?,\,n,A,g,e,n,t
 ,I,',m, ,s,o,r,r,y, ,t,o, ,h,e,a,r, ,t,h,a,t,., ,W,e, ,h,a,v,e, ,a, ,s,p,e,c,i,a,l, ,l,e,a,v,e, ,p,o,l,i,c,y, ,f,o,r, ,u,n,e,x,p,e,c,t,e,d, ,e,m,e,r,g,e,n,c,i,e,s,., ,C,a,n, ,y,o,u, ,p,l,e,a,s,e, ,p,r,o,v,i,d,e, ,m,o,r,e, ,d,e,t,a,i,l,s, ,a,b,o,u,t, ,t,h,e, ,s,i,t,u,a,t,i,o,n, ,s,o, ,w,e, ,c,a,n, ,a,s,s,i,s,t, ,y,o,u,?,\,n,U,s,e,r
 ,M,y, ,m,o,t,h,e,r, ,i,s, ,i,n, ,t,h,e, ,h,o,s,p,i,t,a,l, ,a,n,d, ,I, ,n,e,e,d, ,t,o, ,f,l,y, ,o,u,t, ,t,o, ,s,e,e, ,h,e,r,.,"""",",", ,"""",c,o,m,p,l,e,t,i,o,n,""""
"""",A,g,e,n,t
 ,T,h,a,n,k, ,y,o,u, ,f,o,r, ,l,e,t,t,i,n,g, ,u,s, ,k,n,o,w,., ,P,l,e,a,s,e, ,s,u,b,m,i,t, ,a, ,r,e,q,u,e,s,t, ,t,h,r,o,u,g,h, ,o,u,r, ,o,n,l,i,n,e, ,s,y,s,t,e,m, ,a,n,d, ,m,a,k,e, ,s,u,r,e, ,t,o, ,m,a,r,k, ,i,t, ,a,s, ,a, ,f,a,m,i,l,y, ,e,m,e,r,g,e,n,c,y, ,l,e,a,v,e,., ,O,n,c,e, ,y,o,u,r, ,s,u,p,e,r,v,i,s,o,r, ,a,p,p,r,o,v,e,s, ,t,h,e, ,r,e,q,u,e,s,t,",", ,w,e, ,w,i,l,l, ,m,a,k,e, ,s,u,r,e, ,t,o, ,c,o,v,e,r, ,y,o,u,r, ,s,h,i,f,t, ,a,n,d, ,a,s,s,i,s,t, ,y,o,u, ,w,i,t,h, ,a,n,y, ,n,e,c,e,s,s,a,r,y, ,a,r,r,a,n,g,e,m,e,n,t,s,., ,E,N,D,"""",}
{,"""",p,r,o,m,p,t,""""
"""",S,u,m,m,a,r,y
 ,R,e,q,u,e,s,t, ,f,o,r, ,a, ,n,e,w, ,s,y,s,t,e,m, ,f,o,r, ,u,s,e,r, ,J,o,h,n, ,S,m,i,t,h,\,n,\,n,S,p,e,c,i,f,i,c, ,i,n,f,o,r,m,a,t,i,o,n
 ,T,i,c,k,e,t, ,n,u,m,b,e,r, ,1,2,3,4,5, ,\,n,\,n,#,#,#,\,n,\,n,U,s,e,r
 ,I, ,n,e,e,d, ,a, ,n,e,w, ,s,y,s,t,e,m, ,f,o,r, ,m,y, ,t,e,a,m, ,t,o, ,b,e, ,a,b,l,e, ,t,o, ,w,o,r,k, ,e,f,f,i,c,i,e,n,t,l,y,\,n,A,g,e,n,t
 ,C,a,n, ,y,o,u, ,p,l,e,a,s,e, ,p,r,o,v,i,d,e, ,m,e, ,w,i,t,h, ,t,h,e, ,t,y,p,e, ,o,f, ,s,y,s,t,e,m, ,y,o,u, ,r,e,q,u,i,r,e, ,a,n,d, ,t,h,e, ,p,u,r,p,o,s,e, ,f,o,r, ,w,h,i,c,h, ,i,t, ,w,i,l,l, ,b,e, ,u,s,e,d,?,\,n,"""",",", ,"""",c,o,m,p,l,e,t,i,o,n,""""
"""",U,s,e,r
 ,W,e, ,r,e,q,u,i,r,e, ,a, ,h,i,g,h, ,p,e,r,f,o,r,m,a,n,c,e, ,s,y,s,t,e,m, ,w,i,t,h, ,a, ,f,a,s,t, ,p,r,o,c,e,s,s,o,r, ,a,n,d, ,h,i,g,h, ,m,e,m,o,r,y, ,f,o,r, ,r,u,n,n,i,n,g, ,s,i,m,u,l,a,t,i,o,n,s,.,\,n,A,g,e,n,t
 ,I, ,u,n,d,e,r,s,t,a,n,d,",", ,I, ,w,i,l,l, ,f,o,r,w,a,r,d, ,y,o,u,r, ,r,e,q,u,e,s,t, ,t,o, ,t,h,e, ,I,T, ,d,e,p,a,r,t,m,e,n,t, ,a,n,d, ,t,h,e,y, ,w,i,l,l, ,r,e,v,i,e,w, ,i,t,., ,I, ,w,i,l,l, ,u,p,d,a,t,e, ,y,o,u, ,o,n, ,t,h,e, ,p,r,o,g,r,e,s,s,., ,E,N,D,"""",}
{,"""",p,r,o,m,p,t,""""
"""",S,u,m,m,a,r,y
 ,E,m,p,l,o,y,e,e, ,t,i,m,e, ,o,f,f, ,i,s,s,u,e, ,r,e,p,o,r,t,e,d, ,b,y, ,u,s,e,r, ,J,a,n,e, ,D,o,e,\,n,\,n,S,p,e,c,i,f,i,c, ,i,n,f,o,r,m,a,t,i,o,n
 ,T,i,c,k,e,t, ,n,u,m,b,e,r, ,2,3,4,5,6, ,\,n,\,n,#,#,#,\,n,\,n,U,s,e,r
 ,I, ,a,m, ,u,n,a,b,l,e, ,t,o, ,r,e,q,u,e,s,t, ,t,i,m,e, ,o,f,f, ,i,n, ,t,h,e, ,s,y,s,t,e,m,\,n,A,g,e,n,t
 ,C,a,n, ,y,o,u, ,p,l,e,a,s,e, ,p,r,o,v,i,d,e, ,m,e, ,w,i,t,h, ,y,o,u,r, ,e,m,p,l,o,y,e,e, ,I,D, ,a,n,d, ,t,h,e, ,e,r,r,o,r, ,m,e,s,s,a,g,e, ,y,o,u, ,a,r,e, ,r,e,c,e,i,v,i,n,g,?,\,n,"""",",", ,"""",c,o,m,p,l,e,t,i,o,n,""""
"""",U,s,e,r
 ,M,y, ,e,m,p,l,o,y,e,e, ,I,D, ,i,s, ,1,2,3,4,5, ,a,n,d, ,t,h,e, ,e,r,r,o,r, ,m,e,s,s,a,g,e, ,s,a,y,s, ,',I,n,v,a,l,i,d, ,e,n,t,r,y,',\,n,A,g,e,n,t
 ,I, ,s,e,e,",", ,I, ,w,i,l,l, ,i,n,v,e,s,t,i,g,a,t,e, ,t,h,e, ,i,s,s,u,e, ,a,n,d, ,f,i,x, ,a,n,y, ,p,r,o,b,l,e,m,s, ,w,i,t,h, ,t,h,e, ,s,y,s,t,e,m,., ,I,n, ,t,h,e, ,m,e,a,n,t,i,m,e,",", ,p,l,e,a,s,e, ,t,r,y, ,a,g,a,i,n, ,l,a,t,e,r, ,o,r, ,c,o,n,t,a,c,t, ,y,o,u,r, ,s,u,p,e,r,v,i,s,o,r, ,f,o,r, ,a,s,s,i,s,t,a,n,c,e,., ,E,N,D,"""",}
{,"""",p,r,o,m,p,t,""""
"""",S,u,m,m,a,r,y
 ,W,B,S, ,c,o,d,e, ,i,s,s,u,e,s, ,d,u,r,i,n,g, ,t,i,m,e, ,e,n,t,r,y, ,r,e,p,o,r,t,e,d, ,b,y, ,u,s,e,r, ,M,i,c,h,a,e,l, ,J,o,h,n,s,o,n,\,n,\,n,S,p,e,c,i,f,i,c, ,i,n,f,o,r,m,a,t,i,o,n
 ,T,i,c,k,e,t, ,n,u,m,b,e,r, ,3,4,5,6,7, ,\,n,\,n,#,#,#,\,n,\,n,U,s,e,r
 ,I, ,a,m, ,u,n,a,b,l,e, ,t,o, ,e,n,t,e,r, ,t,h,e, ,W,B,S, ,c,o,d,e, ,f,o,r, ,m,y, ,t,i,m,e, ,e,n,t,r,y,\,n,A,g,e,n,t
 ,C,a,n, ,y,o,u, ,p,l,e,a,s,e, ,p,r,o,v,i,d,e, ,m,e, ,w,i,t,h, ,t,h,e, ,p,r,o,j,e,c,t, ,n,a,m,e, ,a,n,d, ,t,h,e, ,W,B,S, ,c,o,d,e, ,y,o,u, ,a,r,e, ,t,r,y,i,n,g, ,t,o, ,e,n,t,e,r,?,\,n,"""",",", ,"""",c,o,m,p,l,e,t,i,o,n,""""
"""",U,s,e,r
 ,T,h,e, ,p,r,o,j,e,c,t, ,n,a,m,e, ,i,s, ,',P,r,o,j,e,c,t, ,X,Y,Z,', ,a,n,d, ,t,h,e, ,W,B,S, ,c,o,d,e, ,i,s, ,',A,B,C,1,2,3,',\,n,A,g,e,n,t
 ,I, ,u,n,d,e,r,s,t,a,n,d,",", ,I, ,w,i,l,l, ,i,n,v,e,s,t,i,g,a,t,e, ,t,h,e, ,i,s,s,u,e, ,a,n,d, ,f,i,x, ,a,n,y, ,p,r,o,b,l,e,m,s, ,w,i,t,h, ,t,h,e, ,s,y,s,t,e,m,., ,I, ,w,i,l,l, ,u,p,d,a,t,e, ,y,o,u, ,o,n, ,t,h,e, ,p,r,o,g,r,e,s,s,., ,E,N,D,"""",}
{,"""",p,r,o,m,p,t,""""
"""",S,u,m,m,a,r,y
 ,T,i,c,k,e,t, ,r,a,i,s,e,d, ,f,o,r, ,e,m,p,l,o,y,e,e, ,t,r,a,v,e,l, ,r,e,i,m,b,u,r,s,e,m,e,n,t, ,f,o,r, ,u,s,e,r, ,J,o,h,n, ,S,m,i,t,h,\,n,\,n,S,p,e,c,i,f,i,c, ,i,n,f,o,r,m,a,t,i,o,n
 ,T,i,c,k,e,t, ,n,u,m,b,e,r, ,1,2,3,4,5, ,\,n,\,n,#,#,#,\,n,\,n,U,s,e,r
 ,I, ,w,o,u,l,d, ,l,i,k,e, ,t,o, ,r,a,i,s,e, ,a, ,t,i,c,k,e,t, ,f,o,r, ,m,y, ,t,r,a,v,e,l, ,r,e,i,m,b,u,r,s,e,m,e,n,t,\,n,A,g,e,n,t
 ,C,a,n, ,y,o,u, ,p,l,e,a,s,e, ,p,r,o,v,i,d,e, ,m,e, ,w,i,t,h, ,y,o,u,r, ,e,m,p,l,o,y,e,e, ,I,D,",", ,t,r,a,v,e,l, ,d,a,t,e,s, ,a,n,d, ,t,h,e, ,p,u,r,p,o,s,e, ,o,f, ,y,o,u,r, ,t,r,a,v,e,l,?,\,n,"""",",", ,"""",c,o,m,p,l,e,t,i,o,n,""""
"""",U,s,e,r
 ,M,y, ,e,m,p,l,o,y,e,e, ,I,D, ,i,s, ,1,2,3,4,5,",", ,I, ,t,r,a,v,e,l,e,d, ,f,r,o,m, ,0,1,/,0,1,/,2,0,2,2, ,t,o, ,0,1,/,0,5,/,2,0,2,2,",", ,t,h,e, ,p,u,r,p,o,s,e, ,o,f, ,m,y, ,t,r,a,v,e,l, ,w,a,s, ,f,o,r, ,a, ,b,u,s,i,n,e,s,s, ,m,e,e,t,i,n,g,\,n,A,g,e,n,t
 ,I, ,s,e,e,",", ,I, ,w,i,l,l, ,f,o,r,w,a,r,d, ,t,h,i,s, ,r,e,q,u,e,s,t, ,t,o, ,t,h,e, ,f,i,n,a,n,c,e, ,d,e,p,a,r,t,m,e,n,t, ,a,n,d, ,t,h,e,y, ,w,i,l,l, ,r,e,v,i,e,w, ,i,t,., ,I, ,w,i,l,l, ,u,p,d,a,t,e, ,y,o,u, ,o,n, ,t,h,e, ,p,r,o,g,r,e,s,s,., ,E,N,D,"""",}
{,"""",p,r,o,m,p,t,""""
"""",S,u,m,m,a,r,y
 ,T,i,c,k,e,t, ,r,a,i,s,e,d, ,f,o,r, ,e,m,p,l,o,y,e,e, ,s,h,i,f,t, ,r,e,i,m,b,u,r,s,e,m,e,n,t, ,f,o,r, ,u,s,e,r, ,J,a,n,e, ,D,o,e,\,n,\,n,S,p,e,c,i,f,i,c, ,i,n,f,o,r,m,a,t,i,o,n
 ,T,i,c,k,e,t, ,n,u,m,b,e,r, ,2,3,4,5,6, ,\,n,\,n,#,#,#,\,n,\,n,U,s,e,r
 ,I, ,w,o,u,l,d, ,l,i,k,e, ,t,o, ,r,a,i,s,e, ,a, ,t,i,c,k,e,t, ,f,o,r, ,m,y, ,s,h,i,f,t, ,r,e,i,m,b,u,r,s,e,m,e,n,t,\,n,A,g,e,n,t
 ,C,a,n, ,y,o,u, ,p,l,e,a,s,e, ,p,r,o,v,i,d,e, ,m,e, ,w,i,t,h, ,y,o,u,r, ,e,m,p,l,o,y,e,e, ,I,D,",", ,s,h,i,f,t, ,d,a,t,e,s, ,a,n,d, ,t,h,e, ,r,e,a,s,o,n, ,f,o,r, ,y,o,u,r, ,s,h,i,f,t,?,\,n,"""",",", ,"""",c,o,m,p,l,e,t,i,o,n,""""
"""",U,s,e,r
 ,M,y, ,e,m,p,l,o,y,e,e, ,I,D, ,i,s, ,2,3,4,5,6,",", ,I, ,w,o,r,k,e,d, ,o,n, ,a, ,s,h,i,f,t, ,f,r,o,m, ,0,1,/,0,1,/,2,0,2,2, ,t,o, ,0,1,/,0,5,/,2,0,2,2,",", ,t,h,e, ,r,e,a,s,o,n, ,f,o,r, ,m,y, ,s,h,i,f,t, ,w,a,s, ,t,o, ,c,o,v,e,r, ,f,o,r, ,a, ,c,o,l,l,e,a,g,u,e, ,w,h,o, ,w,a,s, ,o,n, ,l,e,a,v,e,\,n,A,g,e,n,t
 ,I, ,s,e,e,",", ,I, ,w,i,l,l, ,f,o,r,w,a,r,d, ,t,h,i,s, ,r,e,q,u,e,s,t, ,t,o, ,t,h,e, ,f,i,n,a,n,c,e, ,d,e,p,a,r,t,m,e,n,t, ,a,n,d, ,t,h,e,y, ,w,i,l,l, ,r,e,v,i,e,w, ,i,t,., ,I, ,w,i,l,l, ,u,p,d,a,t,e, ,y,o,u, ,o,n, ,t,h,e, ,p,r,o,g,r,e,s,s,., ,E,N,D,"""",}
{,"""",p,r,o,m,p,t,""""
"""",S,u,m,m,a,r,y
 ,E,m,p,l,o,y,e,e, ,o,n,b,o,a,r,d,i,n,g, ,f,o,r,m,a,l,i,t,i,e,s, ,f,o,r, ,u,s,e,r, ,M,i,c,h,a,e,l, ,J,o,h,n,s,o,n,\,n,\,n,S,p,e,c,i,f,i,c, ,i,n,f,o,r,m,a,t,i,o,n
 ,T,i,c,k,e,t, ,n,u,m,b,e,r, ,3,4,5,6,7, ,\,n,\,n,#,#,#,\,n,\,n,U,s,e,r
 ,I, ,a,m, ,n,e,w, ,t,o, ,t,h,e, ,o,r,g,a,n,i,z,a,t,i,o,n, ,a,n,d, ,I, ,n,e,e,d, ,a,s,s,i,s,t,a,n,c,e, ,w,i,t,h, ,m,y, ,o,n,b,o,a,r,d,i,n,g, ,f,o,r,m,a,l,i,t,i,e,s,\,n,A,g,e,n,t
 ,C,a,n, ,y,o,u, ,p,l,e,a,s,e, ,p,r,o,v,i,d,e, ,m,e, ,w,i,t,h, ,y,o,u,r, ,e,m,p,l,o,y,e,e, ,I,D, ,a,n,d, ,t,h,e, ,d,e,p,a,r,t,m,e,n,t, ,y,o,u, ,w,i,l,l, ,b,e, ,w,o,r,k,i,n,g, ,i,n,?,\,n,"""",",", ,"""",c,o,m,p,l,e,t,i,o,n,""""
"""",U,s,e,r
 ,M,y, ,e,m,p,l,o,y,e,e, ,I,D, ,i,s, ,3,4,5,6,7,",", ,a,n,d, ,I, ,w,i,l,l, ,b,e, ,w,o,r,k,i,n,g, ,i,n, ,t,h,e, ,I,T, ,d,e,p,a,r,t,m,e,n,t,\,n,A,g,e,n,t
 ,I, ,s,e,e,",", ,I, ,w,i,l,l, ,f,o,r,w,a,r,d, ,t,h,i,s, ,r,e,q,u,e,s,t, ,t,o, ,t,h,e, ,H,R, ,d,e,p,a,r,t,m,e,n,t, ,a,n,d, ,t,h,e,y, ,w,i,l,l, ,a,s,s,i,s,t, ,y,o,u, ,w,i,t,h, ,t,h,e, ,o,n,b,o,a,r,d,i,n,g, ,f,o,r,m,a,l,i,t,i,e,s,., ,I,s, ,t,h,e,r,e, ,a,n,y,t,h,i,n,g, ,e,l,s,e, ,I, ,c,a,n, ,a,s,s,i,s,t, ,y,o,u, ,w,i,t,h,?,\,n,U,s,e,r
 ,N,o,",", ,t,h,a,t, ,w,i,l,l, ,b,e, ,a,l,l,., ,T,h,a,n,k, ,y,o,u, ,E,N,D,"""",}
{,"""",p,r,o,m,p,t,""""
"""",S,u,m,m,a,r,y
 ,E,m,p,l,o,y,e,e, ,p,r,o,f,i,l,e, ,u,p,d,a,t,i,n,g, ,f,o,r, ,u,s,e,r, ,J,a,n,e, ,D,o,e,\,n,\,n,S,p,e,c,i,f,i,c, ,i,n,f,o,r,m,a,t,i,o,n
 ,T,i,c,k,e,t, ,n,u,m,b,e,r, ,2,3,4,5,6, ,\,n,\,n,#,#,#,\,n,\,n,U,s,e,r
 ,I, ,n,e,e,d, ,t,o, ,u,p,d,a,t,e, ,m,y, ,e,m,p,l,o,y,e,e, ,p,r,o,f,i,l,e,\,n,A,g,e,n,t
 ,C,a,n, ,y,o,u, ,p,l,e,a,s,e, ,p,r,o,v,i,d,e, ,m,e, ,w,i,t,h, ,y,o,u,r, ,e,m,p,l,o,y,e,e, ,I,D, ,a,n,d, ,t,h,e, ,d,e,t,a,i,l,s, ,y,o,u, ,n,e,e,d, ,t,o, ,u,p,d,a,t,e,?,\,n,"""",",", ,"""",c,o,m,p,l,e,t,i,o,n,""""
"""",U,s,e,r
 ,M,y, ,e,m,p,l,o,y,e,e, ,I,D, ,i,s, ,2,3,4,5,6,",", ,a,n,d, ,I, ,n,e,e,d, ,t,o, ,u,p,d,a,t,e, ,m,y, ,c,o,n,t,a,c,t, ,n,u,m,b,e,r, ,a,n,d, ,h,o,m,e, ,a,d,d,r,e,s,s,\,n,A,g,e,n,t
 ,I, ,s,e,e,",", ,I, ,w,i,l,l, ,f,o,r,w,a,r,d, ,t,h,i,s, ,r,e,q,u,e,s,t, ,t,o, ,t,h,e, ,H,R, ,d,e,p,a,r,t,m,e,n,t, ,a,n,d, ,t,h,e,y, ,w,i,l,l, ,a,s,s,i,s,t, ,y,o,u, ,w,i,t,h, ,u,p,d,a,t,i,n,g, ,y,o,u,r, ,p,r,o,f,i,l,e,., ,I,s, ,t,h,e,r,e, ,a,n,y,t,h,i,n,g, ,e,l,s,e, ,I, ,c,a,n, ,a,s,s,i,s,t, ,y,o,u, ,w,i,t,h,?,\,n,U,s,e,r
 ,N,o,",", ,t,h,a,t, ,w,i,l,l, ,b,e, ,a,l,l,., ,T,h,a,n,k, ,y,o,u, ,E,N,D,"""",}
{,"""",p,r,o,m,p,t,""""
"""",S,u,m,m,a,r,y
 ,H,R, ,r,e,q,u,e,s,t, ,f,o,r, ,e,m,p,l,o,y,e,e, ,s,h,i,f,t, ,s,c,h,e,d,u,l,e,\,n,\,n,S,p,e,c,i,f,i,c, ,i,n,f,o,r,m,a,t,i,o,n
 ,T,i,c,k,e,t, ,n,u,m,b,e,r, ,5,6,7,8,9, ,\,n,\,n,#,#,#,\,n,\,n,U,s,e,r
 ,I, ,h,a,v,e, ,a, ,r,e,q,u,e,s,t, ,f,o,r, ,m,y, ,s,h,i,f,t, ,s,c,h,e,d,u,l,e,\,n,A,g,e,n,t
 ,C,a,n, ,y,o,u, ,p,l,e,a,s,e, ,p,r,o,v,i,d,e, ,m,e, ,w,i,t,h, ,y,o,u,r, ,e,m,p,l,o,y,e,e, ,I,D, ,a,n,d, ,t,h,e, ,d,e,t,a,i,l,s, ,o,f, ,y,o,u,r, ,r,e,q,u,e,s,t,?,\,n,"""",",", ,"""",c,o,m,p,l,e,t,i,o,n,""""
"""",U,s,e,r
 ,M,y, ,e,m,p,l,o,y,e,e, ,I,D, ,i,s, ,5,6,7,8,9,",", ,a,n,d, ,I, ,w,o,u,l,d, ,l,i,k,e, ,t,o, ,r,e,q,u,e,s,t, ,f,o,r, ,a, ,c,h,a,n,g,e, ,i,n, ,m,y, ,s,h,i,f,t, ,s,c,h,e,d,u,l,e,\,n,A,g,e,n,t
 ,I, ,s,e,e,",", ,I, ,w,i,l,l, ,f,o,r,w,a,r,d, ,t,h,i,s, ,r,e,q,u,e,s,t, ,t,o, ,t,h,e, ,H,R, ,d,e,p,a,r,t,m,e,n,t, ,a,n,d, ,t,h,e,y, ,w,i,l,l, ,a,s,s,i,s,t, ,y,o,u, ,w,i,t,h, ,u,p,d,a,t,i,n,g, ,y,o,u,r, ,p,r,o,f,i,l,e,., ,I,s, ,t,h,e,r,e, ,a,n,y,t,h,i,n,g, ,e,l,s,e, ,I, ,c,a,n, ,a,s,s,i,s,t, ,y,o,u, ,w,i,t,h,?,\,n,U,s,e,r
 ,N,o,",", ,t,h,a,t, ,w,i,l,l, ,b,e, ,a,l,l,., ,T,h,a,n,k, ,y,o,u, ,E,N,D,"""",}
{,"""",p,r,o,m,p,t,""""
"""",S,u,m,m,a,r,y
 ,E,m,p,l,o,y,e,e, ,t,i,m,e, ,o,f,f, ,r,e,q,u,e,s,t, ,f,o,r, ,J,o,h,n, ,S,m,i,t,h,\,n,\,n,S,p,e,c,i,f,i,c, ,i,n,f,o,r,m,a,t,i,o,n
 ,T,i,c,k,e,t, ,n,u,m,b,e,r, ,1,2,3,4,5, ,\,n,\,n,#,#,#,\,n,\,n,U,s,e,r
 ,I, ,w,o,u,l,d, ,l,i,k,e, ,t,o, ,r,e,q,u,e,s,t, ,f,o,r, ,t,i,m,e, ,o,f,f, ,f,r,o,m, ,w,o,r,k,\,n,A,g,e,n,t
 ,C,a,n, ,y,o,u, ,p,l,e,a,s,e, ,p,r,o,v,i,d,e, ,m,e, ,w,i,t,h, ,y,o,u,r, ,e,m,p,l,o,y,e,e, ,I,D, ,a,n,d, ,t,h,e, ,d,a,t,e,s, ,y,o,u, ,a,r,e, ,r,e,q,u,e,s,t,i,n,g, ,t,i,m,e, ,o,f,f, ,f,o,r,?,\,n,"""",",", ,"""",c,o,m,p,l,e,t,i,o,n,""""
"""",U,s,e,r
 ,M,y, ,e,m,p,l,o,y,e,e, ,I,D, ,i,s, ,1,2,3,4,5,",", ,a,n,d, ,I, ,a,m, ,r,e,q,u,e,s,t,i,n,g, ,t,i,m,e, ,o,f,f, ,f,r,o,m, ,M,a,r,c,h, ,1,5,t,h, ,t,o, ,M,a,r,c,h, ,2,0,t,h,\,n,A,g,e,n,t
 ,I, ,s,e,e,",", ,I, ,w,i,l,l, ,f,o,r,w,a,r,d, ,t,h,i,s, ,r,e,q,u,e,s,t, ,t,o, ,t,h,e, ,H,R, ,d,e,p,a,r,t,m,e,n,t, ,a,n,d, ,t,h,e,y, ,w,i,l,l, ,a,s,s,i,s,t, ,y,o,u, ,w,i,t,h, ,y,o,u,r, ,t,i,m,e, ,o,f,f, ,r,e,q,u,e,s,t,., ,I,s, ,t,h,e,r,e, ,a,n,y,t,h,i,n,g, ,e,l,s,e, ,I, ,c,a,n, ,a,s,s,i,s,t, ,y,o,u, ,w,i,t,h,?,\,n,U,s,e,r
 ,N,o,",", ,t,h,a,t, ,w,i,l,l, ,b,e, ,a,l,l,., ,T,h,a,n,k, ,y,o,u, ,E,N,D,"""",}
{,"""",p,r,o,m,p,t,""""
"""",S,u,m,m,a,r,y
 ,E,m,p,l,o,y,e,e, ,s,a,l,a,r,y, ,i,n,c,r,e,m,e,n,t, ,r,e,q,u,e,s,t, ,f,o,r, ,J,a,n,e, ,D,o,e,\,n,\,n,S,p,e,c,i,f,i,c, ,i,n,f,o,r,m,a,t,i,o,n
 ,T,i,c,k,e,t, ,n,u,m,b,e,r, ,3,4,5,6,7, ,\,n,\,n,#,#,#,\,n,\,n,U,s,e,r
 ,I, ,w,o,u,l,d, ,l,i,k,e, ,t,o, ,r,e,q,u,e,s,t, ,f,o,r, ,a, ,s,a,l,a,r,y, ,i,n,c,r,e,m,e,n,t,\,n,A,g,e,n,t
 ,C,a,n, ,y,o,u, ,p,l,e,a,s,e, ,p,r,o,v,i,d,e, ,m,e, ,w,i,t,h, ,y,o,u,r, ,e,m,p,l,o,y,e,e, ,I,D, ,a,n,d, ,t,h,e, ,r,e,a,s,o,n, ,f,o,r, ,y,o,u,r, ,r,e,q,u,e,s,t,?,\,n,"""",",", ,"""",c,o,m,p,l,e,t,i,o,n,""""
"""",U,s,e,r
 ,M,y, ,e,m,p,l,o,y,e,e, ,I,D, ,i,s, ,3,4,5,6,7,",", ,a,n,d, ,I, ,b,e,l,i,e,v,e, ,I, ,h,a,v,e, ,b,e,e,n, ,w,o,r,k,i,n,g, ,h,a,r,d, ,a,n,d, ,c,o,n,s,i,s,t,e,n,t,l,y, ,m,e,e,t,i,n,g, ,m,y, ,t,a,r,g,e,t,s,",", ,I, ,w,o,u,l,d, ,l,i,k,e, ,t,o, ,r,e,q,u,e,s,t, ,f,o,r, ,a, ,s,a,l,a,r,y, ,i,n,c,r,e,m,e,n,t,.,\,n,A,g,e,n,t
 ,I, ,s,e,e,",", ,I, ,w,i,l,l, ,f,o,r,w,a,r,d, ,t,h,i,s, ,r,e,q,u,e,s,t, ,t,o, ,t,h,e, ,H,R, ,d,e,p,a,r,t,m,e,n,t, ,a,n,d, ,t,h,e,y, ,w,i,l,l, ,a,s,s,i,s,t, ,y,o,u, ,w,i,t,h, ,y,o,u,r, ,s,a,l,a,r,y, ,i,n,c,r,e,m,e,n,t, ,r,e,q,u,e,s,t,., ,I,s, ,t,h,e,r,e, ,a,n,y,t,h,i,n,g, ,e,l,s,e, ,I, ,c,a,n, ,a,s,s,i,s,t, ,y,o,u, ,w,i,t,h,?,\,n,U,s,e,r
 ,N,o,",", ,t,h,a,t, ,w,i,l,l, ,b,e, ,a,l,l,., ,T,h,a,n,k, ,y,o,u, ,E,N,D,"""",}
{,"""",p,r,o,m,p,t,""""
"""",S,u,m,m,a,r,y
 ,E,m,p,l,o,y,e,e, ,p,e,r,f,o,r,m,a,n,c,e, ,e,v,a,l,u,a,t,i,o,n, ,r,e,q,u,e,s,t, ,f,o,r, ,M,i,c,h,a,e,l, ,J,o,h,n,s,o,n,\,n,\,n,S,p,e,c,i,f,i,c, ,i,n,f,o,r,m,a,t,i,o,n
 ,T,i,c,k,e,t, ,n,u,m,b,e,r, ,5,6,7,8,9, ,\,n,\,n,#,#,#,\,n,\,n,U,s,e,r
 ,I, ,w,o,u,l,d, ,l,i,k,e, ,t,o, ,r,e,q,u,e,s,t, ,f,o,r, ,a, ,p,e,r,f,o,r,m,a,n,c,e, ,e,v,a,l,u,a,t,i,o,n,\,n,A,g,e,n,t
 ,C,a,n, ,y,o,u, ,p,l,e,a,s,e, ,p,r,o,v,i,d,e, ,m,e, ,w,i,t,h, ,y,o,u,r, ,e,m,p,l,o,y,e,e, ,I,D, ,a,n,d, ,t,h,e, ,r,e,a,s,o,n, ,f,o,r, ,y,o,u,r, ,r,e,q,u,e,s,t,?, ,E,N,D,"""",}
{,"""",p,r,o,m,p,t,""""
"""",S,u,m,m,a,r,y
 ,E,m,p,l,o,y,e,e, ,i,s, ,r,e,q,u,e,s,t,i,n,g, ,f,o,r, ,a, ,n,e,w, ,o,n,b,o,a,r,d,i,n,g, ,f,o,r,m,.,\,n,\,n,S,p,e,c,i,f,i,c, ,i,n,f,o,r,m,a,t,i,o,n
 ,N,e,w, ,e,m,p,l,o,y,e,e,",", ,J,o,h,n, ,S,m,i,t,h,",", ,n,e,e,d,s, ,a,n, ,o,n,b,o,a,r,d,i,n,g, ,f,o,r,m,.,\,n,\,n,#,#,#,\,n,\,n,U,s,e,r
 ,H,i,",", ,I, ,a,m, ,J,o,h,n, ,S,m,i,t,h,",", ,a, ,n,e,w, ,e,m,p,l,o,y,e,e,., ,C,a,n, ,y,o,u, ,p,l,e,a,s,e, ,p,r,o,v,i,d,e, ,m,e, ,w,i,t,h, ,a,n, ,o,n,b,o,a,r,d,i,n,g, ,f,o,r,m,?,\,n,A,g,e,n,t
"""",",", ,"""",c,o,m,p,l,e,t,i,o,n,""""
"""",S,u,r,e,",", ,I, ,c,a,n, ,s,e,n,d, ,y,o,u, ,t,h,e, ,o,n,b,o,a,r,d,i,n,g, ,f,o,r,m, ,v,i,a, ,e,m,a,i,l,., ,C,a,n, ,y,o,u, ,p,l,e,a,s,e, ,p,r,o,v,i,d,e, ,y,o,u,r, ,e,m,a,i,l, ,a,d,d,r,e,s,s,?, ,E,N,D,"""",}
{,"""",p,r,o,m,p,t,""""
"""",S,u,m,m,a,r,y
 ,E,m,p,l,o,y,e,e, ,i,s, ,r,e,q,u,e,s,t,i,n,g, ,t,o, ,u,p,d,a,t,e, ,t,h,e,i,r, ,p,r,o,f,i,l,e, ,i,n,f,o,r,m,a,t,i,o,n,.,\,n,\,n,S,p,e,c,i,f,i,c, ,i,n,f,o,r,m,a,t,i,o,n
 ,E,m,p,l,o,y,e,e,",", ,J,a,n,e, ,D,o,e,",", ,n,e,e,d,s, ,t,o, ,u,p,d,a,t,e, ,t,h,e,i,r, ,a,d,d,r,e,s,s, ,a,n,d, ,p,h,o,n,e, ,n,u,m,b,e,r,.,\,n,\,n,#,#,#,\,n,\,n,U,s,e,r
 ,H,i,",", ,I, ,a,m, ,J,a,n,e, ,D,o,e,",", ,a,n,d, ,I, ,n,e,e,d, ,t,o, ,u,p,d,a,t,e, ,m,y, ,a,d,d,r,e,s,s, ,a,n,d, ,p,h,o,n,e, ,n,u,m,b,e,r, ,i,n, ,m,y, ,e,m,p,l,o,y,e,e, ,p,r,o,f,i,l,e,., ,C,a,n, ,y,o,u, ,h,e,l,p, ,m,e, ,w,i,t,h, ,t,h,i,s,?,\,n,A,g,e,n,t
"""",",", ,"""",c,o,m,p,l,e,t,i,o,n,""""
"""",O,f, ,c,o,u,r,s,e,",", ,I, ,c,a,n, ,a,s,s,i,s,t, ,y,o,u, ,w,i,t,h, ,u,p,d,a,t,i,n,g, ,y,o,u,r, ,p,r,o,f,i,l,e,., ,C,a,n, ,y,o,u, ,p,l,e,a,s,e, ,p,r,o,v,i,d,e, ,m,e, ,w,i,t,h, ,y,o,u,r, ,u,p,d,a,t,e,d, ,i,n,f,o,r,m,a,t,i,o,n, ,s,o, ,I, ,c,a,n, ,m,a,k,e, ,t,h,e, ,c,h,a,n,g,e,s, ,f,o,r, ,y,o,u,?, ,E,N,D,"""",}
{,"""",p,r,o,m,p,t,""""
"""",S,u,m,m,a,r,y
 ,E,m,p,l,o,y,e,e, ,i,s, ,r,e,q,u,e,s,t,i,n,g, ,f,o,r, ,a, ,t,r,a,v,e,l, ,r,e,i,m,b,u,r,s,e,m,e,n,t,.,\,n,\,n,S,p,e,c,i,f,i,c, ,i,n,f,o,r,m,a,t,i,o,n
 ,E,m,p,l,o,y,e,e,",", ,M,i,c,h,a,e,l, ,J,o,h,n,s,o,n,",", ,n,e,e,d,s, ,t,o, ,s,u,b,m,i,t, ,a, ,r,e,i,m,b,u,r,s,e,m,e,n,t, ,r,e,q,u,e,s,t, ,f,o,r, ,a, ,r,e,c,e,n,t, ,b,u,s,i,n,e,s,s, ,t,r,i,p,.,\,n,\,n,#,#,#,\,n,\,n,U,s,e,r
 ,H,i,",", ,I, ,a,m, ,M,i,c,h,a,e,l, ,J,o,h,n,s,o,n, ,a,n,d, ,I, ,w,o,u,l,d, ,l,i,k,e, ,t,o, ,s,u,b,m,i,t, ,a, ,r,e,i,m,b,u,r,s,e,m,e,n,t, ,r,e,q,u,e,s,t, ,f,o,r, ,m,y, ,r,e,c,e,n,t, ,b,u,s,i,n,e,s,s, ,t,r,i,p,., ,C,a,n, ,y,o,u, ,g,u,i,d,e, ,m,e, ,t,h,r,o,u,g,h, ,t,h,e, ,p,r,o,c,e,s,s,?,\,n,A,g,e,n,t
"""",",", ,"""",c,o,m,p,l,e,t,i,o,n,""""
"""",S,u,r,e,",", ,I, ,c,a,n, ,a,s,s,i,s,t, ,y,o,u, ,w,i,t,h, ,y,o,u,r, ,r,e,i,m,b,u,r,s,e,m,e,n,t, ,r,e,q,u,e,s,t,., ,C,a,n, ,y,o,u, ,p,l,e,a,s,e, ,p,r,o,v,i,d,e, ,m,e, ,w,i,t,h, ,y,o,u,r, ,t,r,a,v,e,l, ,i,t,i,n,e,r,a,r,y, ,a,n,d, ,a,n,y, ,r,e,c,e,i,p,t,s, ,o,r, ,i,n,v,o,i,c,e,s, ,r,e,l,a,t,e,d, ,t,o, ,t,h,e, ,t,r,i,p,?, ,E,N,D,"""",}
{,"""",p,r,o,m,p,t,""""
"""",S,u,m,m,a,r,y
 ,E,m,p,l,o,y,e,e, ,i,s, ,r,e,q,u,e,s,t,i,n,g, ,t,i,m,e, ,o,f,f,.,\,n,\,n,S,p,e,c,i,f,i,c, ,i,n,f,o,r,m,a,t,i,o,n
 ,E,m,p,l,o,y,e,e,",", ,E,m,m,a, ,W,i,l,l,i,a,m,s,",", ,n,e,e,d,s, ,t,o, ,r,e,q,u,e,s,t, ,t,i,m,e, ,o,f,f, ,f,o,r, ,a, ,v,a,c,a,t,i,o,n, ,n,e,x,t, ,m,o,n,t,h,.,\,n,\,n,#,#,#,\,n,\,n,U,s,e,r
 ,H,i,",", ,I, ,a,m, ,E,m,m,a, ,W,i,l,l,i,a,m,s, ,a,n,d, ,I, ,w,o,u,l,d, ,l,i,k,e, ,t,o, ,r,e,q,u,e,s,t, ,t,i,m,e, ,o,f,f, ,f,o,r, ,a, ,v,a,c,a,t,i,o,n, ,n,e,x,t, ,m,o,n,t,h,., ,C,a,n, ,y,o,u, ,p,l,e,a,s,e, ,a,s,s,i,s,t, ,m,e, ,w,i,t,h, ,t,h,i,s,?,\,n,A,g,e,n,t
"""",",", ,"""",c,o,m,p,l,e,t,i,o,n,""""
"""",S,u,r,e,",", ,I, ,c,a,n, ,a,s,s,i,s,t, ,y,o,u, ,w,i,t,h, ,y,o,u,r, ,t,i,m,e, ,o,f,f, ,r,e,q,u,e,s,t,., ,C,a,n, ,y,o,u, ,p,l,e,a,s,e, ,p,r,o,v,i,d,e, ,m,e, ,w,i,t,h, ,t,h,e, ,d,a,t,e,s, ,y,o,u, ,a,r,e, ,r,e,q,u,e,s,t,i,n,g, ,o,f,f, ,a,n,d, ,a,n,y, ,n,e,c,e,s,s,a,r,y, ,d,o,c,u,m,e,n,t,a,t,i,o,n,?, ,E,N,D,"""",}
{,"""",p,r,o,m,p,t,""""
"""",S,u,m,m,a,r,y
 ,R,e,q,u,e,s,t, ,f,o,r, ,a, ,n,e,w, ,v,i,r,t,u,a,l, ,m,a,c,h,i,n,e,\,n,\,n,S,p,e,c,i,f,i,c, ,i,n,f,o,r,m,a,t,i,o,n
 ,E,m,p,l,o,y,e,e, ,n,e,e,d,s, ,a, ,n,e,w, ,v,i,r,t,u,a,l, ,m,a,c,h,i,n,e, ,f,o,r, ,a, ,p,r,o,j,e,c,t, ,t,h,e,y, ,a,r,e, ,w,o,r,k,i,n,g, ,o,n,.,\,n,\,n,#,#,#,\,n,\,n,U,s,e,r
 ,I, ,n,e,e,d, ,a, ,n,e,w, ,v,i,r,t,u,a,l, ,m,a,c,h,i,n,e, ,f,o,r, ,a, ,p,r,o,j,e,c,t, ,I, ,a,m, ,w,o,r,k,i,n,g, ,o,n,., ,C,a,n, ,y,o,u, ,h,e,l,p, ,m,e, ,w,i,t,h, ,t,h,a,t,?,\,n,A,g,e,n,t
 ,S,u,r,e,",", ,I, ,c,a,n, ,h,e,l,p, ,y,o,u, ,w,i,t,h, ,t,h,a,t,., ,C,a,n, ,y,o,u, ,p,r,o,v,i,d,e, ,m,e, ,w,i,t,h, ,t,h,e, ,s,p,e,c,i,f,i,c,a,t,i,o,n,s, ,f,o,r, ,t,h,e, ,v,i,r,t,u,a,l, ,m,a,c,h,i,n,e, ,y,o,u, ,n,e,e,d,?,\,n,U,s,e,r
 ,I, ,n,e,e,d, ,8,G,B, ,o,f, ,R,A,M, ,a,n,d, ,a, ,2,5,0,G,B, ,h,a,r,d, ,d,r,i,v,e,.,\,n,A,g,e,n,t
"""",",", ,"""",c,o,m,p,l,e,t,i,o,n,""""
"""",A,l,r,i,g,h,t,",", ,I, ,h,a,v,e, ,c,r,e,a,t,e,d, ,a, ,t,i,c,k,e,t, ,f,o,r, ,y,o,u,r, ,r,e,q,u,e,s,t,., ,C,a,n, ,y,o,u, ,p,l,e,a,s,e, ,p,r,o,v,i,d,e, ,m,e, ,w,i,t,h, ,t,h,e, ,p,r,o,j,e,c,t, ,d,e,t,a,i,l,s, ,a,n,d, ,t,h,e, ,p,u,r,p,o,s,e, ,o,f, ,t,h,e, ,v,i,r,t,u,a,l, ,m,a,c,h,i,n,e,?, ,E,N,D,"""",}
{,"""",p,r,o,m,p,t,""""
"""",S,u,m,m,a,r,y
 ,V,i,r,t,u,a,l, ,m,a,c,h,i,n,e, ,c,o,n,n,e,c,t,i,v,i,t,y, ,i,s,s,u,e,s,\,n,\,n,S,p,e,c,i,f,i,c, ,i,n,f,o,r,m,a,t,i,o,n
 ,E,m,p,l,o,y,e,e, ,i,s, ,u,n,a,b,l,e, ,t,o, ,c,o,n,n,e,c,t, ,t,o, ,t,h,e,i,r, ,v,i,r,t,u,a,l, ,m,a,c,h,i,n,e,.,\,n,\,n,#,#,#,\,n,\,n,U,s,e,r
 ,I, ,a,m, ,u,n,a,b,l,e, ,t,o, ,c,o,n,n,e,c,t, ,t,o, ,m,y, ,v,i,r,t,u,a,l, ,m,a,c,h,i,n,e,",", ,c,a,n, ,y,o,u, ,h,e,l,p, ,m,e, ,w,i,t,h, ,t,h,a,t,?,\,n,A,g,e,n,t
 ,O,f, ,c,o,u,r,s,e,",", ,c,a,n, ,y,o,u, ,p,r,o,v,i,d,e, ,m,e, ,w,i,t,h, ,t,h,e, ,I,P, ,a,d,d,r,e,s,s, ,a,n,d, ,u,s,e,r,n,a,m,e, ,f,o,r, ,t,h,e, ,v,i,r,t,u,a,l, ,m,a,c,h,i,n,e, ,y,o,u, ,a,r,e, ,t,r,y,i,n,g, ,t,o, ,c,o,n,n,e,c,t, ,t,o,?,\,n,U,s,e,r
 ,T,h,e, ,I,P, ,a,d,d,r,e,s,s, ,i,s, ,1,9,2,.,1,6,8,.,1,.,1,0,0, ,a,n,d, ,t,h,e, ,u,s,e,r,n,a,m,e, ,i,s, ,',J,o,h,n,D,o,e,',\,n,A,g,e,n,t
"""",",", ,"""",c,o,m,p,l,e,t,i,o,n,""""
"""",I, ,s,e,e, ,t,h,e, ,i,s,s,u,e,",", ,I,t, ,l,o,o,k,s, ,l,i,k,e, ,t,h,e, ,v,i,r,t,u,a,l, ,m,a,c,h,i,n,e, ,i,s, ,n,o,t, ,r,e,s,p,o,n,d,i,n,g,., ,I, ,w,i,l,l, ,c,h,e,c,k, ,t,h,e, ,s,e,r,v,e,r, ,a,n,d, ,g,e,t, ,b,a,c,k, ,t,o, ,y,o,u, ,a,s, ,s,o,o,n, ,a,s, ,p,o,s,s,i,b,l,e,., ,E,N,D,"""",}
